선수명,연도,팀,대체영입여부,실전출전여부,비고,출처유형,verified_statiz,kbo_no_appearance,english_name,birth_date,birth_date_source,throws,nationality,kbo_first_year_WAR,kbo_first_year_IP,kbo_first_year_GS,kbo_first_year_ERA,kbo_first_year_FIP,kbo_first_year_WHIP,kbo_first_year_K9,kbo_first_year_BB9,asia_league_experience,asia_league_detail,nationality_source,mlb_ip_last,mlb_fip_last,mlb_k9_last,mlb_bb9_last,mlb_hr9_last,mlb_fip_minus_last,mlb_ip_3yr,mlb_fip_3yr,mlb_k9_3yr,mlb_bb9_3yr,mlb_hr9_3yr,mlb_fip_minus_3yr,mlb_career_ip,mlb_fip_minus_career,mlb_fip_davenport_translated_last,mlb_fip_davenport_translated_3yr,aaa_ip_last,aaa_fip_last,aaa_k9_last,aaa_bb9_last,aaa_hr9_last,aaa_fip_minus_last,aaa_ip_3yr,aaa_fip_3yr,aaa_k9_3yr,aaa_bb9_3yr,aaa_hr9_3yr,aaa_fip_minus_3yr,aaa_career_ip,aaa_fip_minus_career,aaa_fip_davenport_translated_last,aaa_fip_davenport_translated_3yr,mlb_ip_share,mlb_career_war,mlb_n_seasons_pre_kbo,statcast_metrics_available,n_pitch_types_recorded,kbo_first_year_G,release_date,outcome_category,resigned_next_year,resigned_as_asia_quota,age_at_kbo_entry,predicted_WAR,translation_gap,mlb_workload_spike_ratio,mlb_workload_spike_log,mlb_workload_spike_diff,aaa_workload_spike_ratio,aaa_workload_spike_log,aaa_workload_spike_diff,has_mlb_record,has_aaa_record,fip_dav_last,hr9_dav_last,bb9_dav_3yr,fip_dav_career,primary_level,primary_last_season
크리스 볼스테드,2014,두산,N,Y,STATIZ 신인지명 2014 두산과 일치,STATIZ 확인,1,0,Christopher Kenneth Volstad,1986-09-23,statiz,R,United States,-0.05,87.0,17.0,6.21,6.0,1.76,3.31,3.83,N,,wiki_provisional,8.333,4.968,3.24,1.08,1.08,122.571,285.3,4.648,5.709,2.933,1.262,120.474,703.7,115.704,4.159,4.861,127.667,4.98,4.018,3.102,0.846,110.516,217.3,4.761,5.094,2.982,0.828,104.673,238.3,105.22,5.428,5.233,0.747,3.513,6.0,none,0,17.0,2014-07-12,조기방출,N,,27.513,1.995,-2.045,0.0748502994011976,-2.5922651681084994,-103.0,1.7897196261682244,0.5820589741587946,56.33333333333334,1,1,4.159,1.0,3.055,4.802,MLB,2013.0
유네스키 마야,2014,두산,Y,Y,STATIZ 신인지명 2014 두산과 일치,STATIZ 확인,1,0,Yunieski Maya,1981-08-28,statiz,R,Cuba,1.31,63.0,11.0,4.86,4.62,1.44,7.71,3.43,N,,wiki_provisional,0.333,42.052,0.0,0.0,27.003,999.0,59.0,4.947,4.119,3.203,1.068,125.549,59.0,125.549,,,146.333,3.437,6.089,1.907,0.615,89.305,443.0,3.963,5.81,2.011,0.894,100.732,453.3,100.06,,,0.115,-0.24,3.0,none,0,11.0,,완주-재계약됨(일반슬롯),Y,N,32.583,1.37,-0.06,0.010204081632653,-4.584967478670571,-32.33333333333333,0.87624750499002,-0.1321066880096933,-20.666666666666657,1,1,,,,,,
J.D. 마틴,2014,삼성,N,Y,STATIZ 활약연도 2014 삼성과 일치,STATIZ 확인,1,0,John Dale Martin,1983-01-02,statiz,R,United States,3.46,128.0,22.0,4.78,4.46,1.4,5.91,2.18,N,,wiki_provisional,48.0,4.974,5.812,2.062,1.688,123.509,125.0,5.402,4.896,2.52,1.656,129.512,125.0,129.512,5.106,5.404,160.333,3.629,6.511,1.459,0.842,93.705,398.0,4.239,6.264,1.357,1.131,102.153,537.0,95.967,4.586,5.27,0.189,0.029,2.0,none,0,23.0,,완주-재계약안됨,N,,31.236,2.533,0.927,0.6233766233766234,-0.4726044109457929,-29.0,1.2333333333333334,0.2097205309820691,30.333333333333343,1,1,4.586,1.629,1.866,5.062,AAA,2013.0
코리 리오단,2014,LG,N,Y,STATIZ 신인지명 2014 LG와 일치,STATIZ 확인,1,0,Cory S. Riordan,1986-05-25,statiz,R,United States,4.31,168.0,28.0,3.96,4.88,1.27,4.12,1.98,N,,wiki_provisional,,,,,,,,,,,,,,,,,74.667,5.284,6.75,3.013,1.446,117.271,137.0,4.438,6.372,2.234,0.985,96.324,137.0,96.324,5.813,4.801,,,0.0,none,0,28.0,,완주-재계약안됨,N,,27.844,1.287,3.023,,,,1.349397590361446,0.2996582634984967,19.333333333333336,0,1,5.813,2.123,2.688,4.801,AAA,2013.0
에버렛 티포드,2014,LG,N,Y,STATIZ 신인지명 2014 LG와 일치,STATIZ 확인,1,0,Everett James Teaford,1984-05-15,statiz,L,United States,1.42,99.2,19.0,5.24,4.91,1.57,7.68,4.61,N,,wiki_provisional,0.667,3.048,0.0,0.0,0.0,77.868,106.0,5.282,5.349,2.972,1.613,130.114,106.0,130.114,3.048,5.29,95.333,3.832,9.346,3.682,0.661,84.894,163.3,4.021,8.651,3.196,0.771,85.064,168.0,87.392,3.944,4.132,0.387,-0.577,3.0,none,0,20.0,,완주-재계약안됨,N,,29.87,2.148,-0.728,0.0108695652173913,-4.5217885770490405,-60.66666666666667,2.888888888888889,1.0608719606852626,62.33333333333333,1,1,3.048,0.0,3.054,4.691,MLB,2013.0
하이로 어센시오,2014,KIA,N,Y,STATIZ 신인지명 2014 KIA와 일치,STATIZ 확인,1,0,Jairo Manuel Asencio,1983-05-30,statiz,R,Dominican Republic,0.85,46.2,0.0,4.05,3.59,1.35,10.8,2.7,N,,wiki_provisional,2.333,7.762,15.429,7.714,3.857,188.03,53.0,4.777,6.962,4.415,1.189,119.371,55.7,119.739,,,50.667,3.165,9.947,2.487,0.888,82.269,118.7,2.951,10.542,3.034,0.683,73.865,190.0,70.95,,,0.227,-0.313,4.0,none,0,46.0,,완주-재계약안됨,N,,30.831,1.981,-1.131,0.0578512396694214,-2.849880396541428,-38.0,3.8,1.33500106673234,37.33333333333333,1,1,,,,,,
저스틴 토마스,2014,KIA,N,Y,STATIZ 활약연도 2014 KIA와 일치,STATIZ 확인,1,0,Justin Joseph Thomas,1984-01-18,statiz,L,United States,0.98,46.2,9.0,4.44,3.55,1.59,9.84,3.66,Y,NPB Nippon-Ham Fighters 2013 (KBO 입단 이전),wiki_provisional,7.667,4.529,8.217,3.522,1.174,108.589,24.7,5.403,5.108,3.649,1.459,134.062,24.7,134.062,3.642,5.55,84.333,4.471,7.257,3.628,0.854,106.231,208.0,3.92,7.702,2.942,0.692,95.468,285.3,99.049,4.915,4.401,0.08,-0.183,3.0,none,0,10.0,,완주-재계약안됨,N,,30.193,2.094,-1.114,0.5897435897435898,-0.5280674302004967,-5.333333333333333,1.216346153846154,0.1958514090262023,15.0,1,1,4.915,1.443,3.804,4.534,AAA,2013.0
케일럽 클레이,2014,한화,N,Y,STATIZ 신인지명 2014 한화와 일치,STATIZ 확인,1,0,Caleb Russell Clay,1988-02-15,statiz,R,United States,-0.13,40.0,10.0,8.32,7.55,2.17,4.5,5.62,N,,wiki_provisional,,,,,,,,,,,,,,,,,83.0,3.374,5.53,1.518,0.542,87.651,83.0,3.374,5.53,1.518,0.542,87.651,83.0,87.651,4.224,4.224,,,0.0,none,0,10.0,2014-06-11,조기방출,N,,26.116,1.81,-1.94,,,,,,,0,1,4.224,1.188,1.837,4.224,AAA,2013.0
앤드루 앨버스,2014,한화,N,Y,STATIZ 신인지명 2014 한화와 일치,STATIZ 확인,1,0,Andrew ALBERS,1985-10-06,statiz,L,Canada,2.15,151.1,28.0,5.89,4.8,1.59,6.36,2.38,N,,wiki_provisional,60.0,3.965,3.75,1.05,0.9,99.882,60.0,3.965,3.75,1.05,0.9,99.882,60.0,99.882,3.845,3.845,132.333,3.553,7.889,2.176,0.952,91.307,132.3,3.553,7.889,2.176,0.952,91.307,132.3,91.307,4.686,4.686,0.312,0.904,1.0,none,0,28.0,,완주-재계약안됨,N,,28.476,2.225,-0.075,,,,,,,1,1,3.845,1.005,1.005,4.408,MLB,2013.0
라이언 타투스코,2014,한화,N,Y,STATIZ 신인지명 2014 한화와 일치,STATIZ 확인,1,0,Ryan Tatusko,1985-03-27,statiz,R,United States,0.66,63.2,12.0,7.07,6.12,1.71,6.93,6.36,N,,wiki_provisional,,,,,,,,,,,,,,,,,120.667,4.34,7.459,5.743,0.522,112.767,160.3,4.192,7.185,5.389,0.449,107.76,160.3,107.76,5.074,4.92,,,0.0,none,0,14.0,,완주-재계약안됨,N,,29.005,0.901,-0.241,,,,3.04201680672269,1.112520718714242,81.0,0,1,5.074,1.077,6.115,4.92,AAA,2013.0
테드 웨버,2014,NC,N,Y,STATIZ 신인지명 2014 NC와 일치,STATIZ 확인,1,0,Thad G. Weber,1984-09-28,statiz,R,United States,2.57,118.0,23.0,4.58,4.95,1.47,6.48,3.2,N,,wiki_provisional,15.0,5.048,6.0,4.8,1.2,131.938,19.0,4.847,5.211,4.737,0.947,124.824,19.0,124.824,4.853,4.663,151.333,5.246,6.601,2.914,1.665,132.987,173.3,4.999,6.646,2.7,1.558,126.412,173.3,126.412,3.234,5.213,0.099,-0.16,2.0,none,0,24.0,,완주-재계약안됨,N,,29.498,1.771,0.799,,,,6.878787878787879,1.9284424560149225,129.33333333333334,1,1,4.853,1.25,4.813,5.162,MLB,2013.0
트레비스 밴와트,2014,SK,N,Y,"STATIZ 신인지명 2014 SK와 일치, 2016-01-01 SK→KT 트레이드 확인(kt 2016 항목을 재영입으로 제외한 판단과 일치)",STATIZ 확인,1,0,Travis Banwart,1986-02-14,statiz,R,United States,2.28,66.2,11.0,3.1,4.67,1.23,7.56,3.51,N,,wiki_provisional,,,,,,,,,,,,,,,,,131.0,4.974,8.588,3.71,1.374,118.192,409.3,4.886,7.564,3.012,1.253,108.334,488.3,106.215,5.598,5.452,,,0.0,none,0,11.0,,완주-재계약됨(일반슬롯),Y,N,28.118,1.124,1.156,,,,1.0181347150259068,0.0179722424044304,2.333333333333343,0,1,5.598,2.13,3.508,5.369,AAA,2013.0
로스 울프,2014,SK,N,Y,STATIZ 신인지명 2014 SK와 일치,STATIZ 확인,1,0,Ross Wolf,1982-10-18,statiz,R,United States,2.23,85.1,13.0,4.85,5.65,1.35,4.32,2.85,N,,wiki_provisional,47.667,4.537,3.965,2.832,0.944,111.175,72.7,4.998,4.459,2.972,1.239,120.184,72.7,120.184,4.632,4.976,35.667,3.402,6.561,2.523,0.252,76.38,120.7,4.124,6.564,3.133,0.522,85.18,337.7,88.882,3.336,4.092,0.177,-0.307,3.0,none,0,23.0,,완주-재계약안됨,N,,31.444,2.348,-0.118,3.763157894736842,1.3252584705335215,35.0,3.1470588235294112,1.1464683098457449,24.33333333333333,1,1,4.632,1.156,3.053,4.565,MLB,2013.0
앤서니 스와잭,2015,두산,Y,Y,STATIZ 신인지명 2015 두산과 일치,STATIZ 확인,1,0,Anthony Swarzak,1985-09-10,statiz,R,United States,0.91,92.1,17.0,5.26,4.41,1.52,7.02,2.92,N,,wiki_provisional,86.0,3.772,4.919,2.93,0.523,98.885,278.7,3.955,5.749,2.616,0.872,99.759,439.7,104.409,3.902,3.889,32.333,3.546,6.959,1.948,0.835,87.376,223.7,4.185,5.593,2.656,0.845,102.156,268.7,103.559,4.371,5.299,0.621,1.844,5.0,none,0,20.0,,완주-재계약안됨,N,,29.544,2.189,-1.279,0.8958333333333334,-0.1100008952143284,-10.0,0.2895522388059701,-1.2394195533216836,-79.33333333333334,1,1,3.902,0.702,2.681,4.553,MLB,2014.0
타일러 클로이드,2015,삼성,N,Y,STATIZ 신인지명 2015 삼성과 일치,STATIZ 확인,1,0,Tyler Cloyd,1987-05-16,statiz,R,United States,1.91,159.2,28.0,5.19,4.93,1.43,6.93,2.14,N,,wiki_provisional,60.333,4.49,6.116,3.729,1.044,116.982,93.3,4.757,6.846,3.086,1.446,122.038,93.3,122.038,4.761,4.921,166.667,4.618,6.372,1.674,1.404,108.368,421.3,4.437,6.494,2.029,1.303,110.642,421.3,110.642,6.05,5.885,0.181,0.248,2.0,none,0,28.0,,완주-재계약안됨,N,,27.866,2.026,-0.116,1.8282828282828285,0.6033771811312358,27.333333333333336,1.4792899408284022,0.3915622029391728,53.999999999999986,1,1,6.05,2.591,2.512,5.703,AAA,2014.0
알프레도 피가로,2015,삼성,N,Y,STATIZ 신인지명 2015 삼성과 일치,STATIZ 확인,1,0,Alfredo Figaro,1984-07-07,statiz,R,Dominican Republic,5.32,165.0,25.0,3.38,4.56,1.24,6.38,2.78,Y,NPB Orix Buffaloes 2011-2012 (KBO 입단 이전),wiki_provisional,8.667,4.632,8.308,1.038,2.077,120.738,97.3,4.858,6.195,2.219,1.664,123.075,114.3,122.925,5.799,5.227,70.333,4.042,7.038,2.815,0.64,88.543,207.3,3.841,7.596,3.039,0.695,90.327,207.3,90.327,4.441,4.537,0.355,-0.531,4.0,none,0,25.0,,완주-재계약안됨,N,,30.721,2.178,3.142,0.1171171171171171,-2.1445808438507976,-65.33333333333333,5.41025641025641,1.68829648734642,57.33333333333333,1,1,5.799,3.0,2.237,4.754,MLB,2014.0
루카스 하렐,2015,LG,N,Y,"STATIZ에는 '루카스'로 등록. 신인지명 2015 LG와 일치, G=33 (뉴스 확인 내용과 일치)",STATIZ 확인,1,0,Lucas Harrell,1985-06-03,statiz,R,United States,2.67,171.2,30.0,4.93,4.84,1.65,7.92,5.66,N,,wiki_provisional,12.333,5.97,6.568,6.568,1.459,157.917,359.7,4.536,5.956,4.379,0.876,113.727,401.7,111.949,5.689,4.559,106.667,6.213,5.653,6.497,1.012,128.816,310.0,5.05,5.603,5.081,0.755,113.653,310.0,113.653,6.613,5.463,0.564,2.001,5.0,none,0,33.0,,완주-재계약안됨,N,,29.815,1.419,1.251,0.0802603036876355,-2.522480130352424,-141.33333333333331,0.7748184019370461,-0.2551265971672604,-30.999999999999982,1,1,5.689,1.353,4.513,4.969,MLB,2014.0
조쉬 스틴슨,2015,KIA,N,Y,STATIZ 신인지명 2015 KIA와 일치,STATIZ 확인,1,0,Joshua Randall Stinson,1988-03-14,statiz,R,United States,2.57,167.0,30.0,4.96,5.22,1.52,5.01,3.45,N,,wiki_provisional,13.0,6.055,4.154,4.154,1.385,154.703,39.3,5.629,4.805,3.203,1.602,139.567,52.3,133.923,5.731,5.343,85.333,5.162,8.438,4.008,1.477,128.759,278.0,4.791,6.442,4.047,1.036,120.851,306.0,120.445,6.37,5.979,0.146,-0.42,4.0,none,0,32.0,,완주-재계약안됨,N,,27.036,1.391,1.179,0.7647058823529411,-0.2682639865946794,-4.0,0.6513994910941475,-0.4286321673896988,-45.66666666666667,1,1,5.731,1.417,3.462,5.865,MLB,2014.0
에반 믹,2015,KIA,N,Y,STATIZ에는 '에반'으로 등록. 신인지명 2015 KIA와 일치,STATIZ 확인,1,0,Evan David Meek,1983-05-12,statiz,R,United States,0.25,26.1,1.0,4.44,3.37,1.63,8.54,4.44,N,,wiki_provisional,23.333,5.104,6.171,4.243,1.157,130.509,56.0,4.495,6.589,4.661,0.804,117.154,196.0,103.044,5.278,4.619,41.667,2.494,7.992,0.864,0.432,62.197,195.7,4.139,7.267,3.496,0.644,97.493,253.7,93.384,3.228,4.536,0.436,0.425,6.0,none,0,16.0,,완주-재계약안됨,N,,31.877,2.177,-1.927,1.9444444444444444,0.664976303593249,11.333333333333332,0.3858024691358024,-0.9524297784900284,-66.33333333333334,1,1,5.278,1.545,4.869,4.21,MLB,2014.0
브룩스 레일리,2015,롯데,N,Y,STATIZ 활약연도 2015-2019 롯데와 일치,STATIZ 확인,1,0,Brooks Raley,1988-06-29,statiz,L,United States,4.61,179.1,30.0,3.91,4.78,1.33,6.72,2.86,N,,wiki_provisional,14.0,5.048,9.0,5.143,1.286,133.505,38.3,6.208,7.043,4.461,2.113,159.484,38.3,159.484,4.581,6.308,141.333,4.504,6.05,2.866,0.828,105.583,223.3,4.403,6.609,2.942,0.806,101.1,223.3,101.1,4.794,4.797,0.146,-0.586,2.0,none,0,31.0,,완주-재계약됨(일반슬롯),Y,N,26.743,1.973,2.637,0.5753424657534247,-0.5527898228650227,-10.333333333333332,1.7235772357723578,0.544401919299595,59.33333333333334,1,1,4.794,0.965,3.868,4.993,AAA,2014.0
조쉬 린드블럼,2015,롯데,N,Y,"STATIZ 신인지명 2015 롯데와 일치, 2018-02-01 롯데→두산 트레이드 확인(두산 2018 항목을 재영입으로 제외한 판단과 일치)",STATIZ 확인,1,0,Joshua William Josh Lindblom,1987-06-15,statiz,R,United States,7.35,210.0,32.0,3.56,4.48,1.18,7.71,2.23,N,,wiki_provisional,4.667,6.989,3.857,3.857,1.929,187.702,107.0,5.017,7.822,4.037,1.514,126.553,136.7,112.435,6.324,5.182,84.0,4.855,6.429,2.786,1.071,110.15,287.0,4.706,6.993,2.791,1.066,101.542,326.0,98.796,5.366,5.067,0.295,0.208,4.0,none,0,32.0,,완주-재계약됨(일반슬롯),Y,N,27.784,1.895,5.455,0.1489361702127659,-1.9042374526547452,-26.666666666666664,0.7777777777777778,-0.251314428280906,-24.0,1,1,6.324,1.915,4.217,4.811,MLB,2014.0
에스밀 로저스,2015,한화,N,Y,"STATIZ 신인지명 2015 한화와 일치, 2018-01-01 넥센 트레이드 확인(넥센 2018 항목을 재영입으로 제외한 판단과 일치)",STATIZ 확인,1,0,Esmil Rogers,1985-08-14,statiz,R,Dominican Republic,3.07,75.2,10.0,2.97,3.41,1.08,7.14,2.38,N,,wiki_provisional,45.667,4.731,8.672,3.35,1.577,121.713,262.0,4.351,7.66,3.126,1.237,107.846,421.0,108.679,4.968,4.133,48.667,3.44,7.582,3.329,0.37,84.893,132.7,4.1,7.394,2.849,0.746,88.067,193.3,99.672,4.018,4.343,0.685,1.922,6.0,none,0,10.0,,완주-재계약됨(일반슬롯),Y,N,29.618,2.311,0.759,0.3317191283292978,-1.103466667132908,-92.0,2.1159420289855073,0.7495001171110771,25.666666666666664,1,1,4.968,1.944,3.236,4.496,MLB,2014.0
재크 스튜어트,2015,NC,N,Y,STATIZ 신인지명 2015 NC와 일치,STATIZ 확인,1,0,Zachary Robert Stewart,1986-09-28,statiz,R,United States,4.67,117.2,19.0,2.68,3.33,1.21,8.34,1.99,N,,wiki_provisional,35.667,7.552,4.794,1.009,3.533,179.389,103.0,5.69,5.592,1.922,2.184,134.996,103.0,134.996,7.427,5.759,106.0,4.084,5.009,2.887,0.509,101.735,332.7,3.838,6.033,2.3,0.758,97.338,339.0,96.283,4.887,4.925,0.233,-0.649,2.0,none,0,19.0,,완주-재계약됨(일반슬롯),Y,N,28.496,2.265,2.405,0.5297029702970297,-0.6354388629392985,-31.666666666666664,0.6334661354581673,-0.4565487369115524,-61.33333333333334,1,1,4.887,1.208,2.79,4.989,AAA,2014.0
앤드루 시스코,2015,kt,N,Y,"STATIZ 신인지명=2014년(kt), 활약연도/실전기록=2015년만 존재. PROJECT_GUIDELINES.md의 'KBO 첫 시즌=실전 출전 연도' 규칙에 따라 2015년으로 확정",STATIZ 확인,1,0,Andrew Sisco,1983-01-13,statiz,L,United States,-0.04,39.0,5.0,6.23,5.23,1.74,9.69,5.77,Y,CPBL EDA Rhinos 2013-2014 (KBO 입단 이전),wiki_provisional,14.0,5.811,8.357,7.071,1.286,124.423,147.7,4.56,8.594,5.668,0.975,102.921,147.7,102.921,4.705,3.698,78.667,4.665,8.695,5.034,1.144,111.471,83.3,4.638,8.856,4.86,1.188,110.585,83.3,110.585,3.928,5.821,0.639,0.12,3.0,none,0,17.0,2015-05-27,조기방출,N,,32.203,1.502,-1.542,0.24,-1.4271163556401458,-44.333333333333336,,,,1,1,3.928,0.0,6.309,4.475,AAA,2011.0
필 어윈,2015,kt,N,Y,STATIZ 신인지명 2015 kt와 일치,STATIZ 확인,1,0,Phil Irwin,1987-02-25,statiz,R,United States,-0.29,56.0,12.0,8.68,5.66,1.98,6.59,3.38,N,,wiki_provisional,4.0,7.632,4.5,4.5,2.25,197.954,8.7,5.625,6.231,6.231,1.038,148.666,8.7,148.666,6.882,5.041,10.0,3.105,7.2,2.7,0.0,81.539,31.0,2.53,10.452,2.903,0.29,65.655,31.0,65.655,4.251,3.748,0.219,-0.023,2.0,none,0,12.0,2015-06-27,조기방출,N,,28.085,2.309,-2.599,,,,0.4761904761904761,-0.7419373447293773,-11.0,1,1,6.882,2.25,6.207,3.852,MLB,2014.0
메릴 켈리,2015,SK,N,Y,STATIZ 신인지명 2015 SK와 일치,STATIZ 확인,1,0,Merrill Kelly,1988-10-14,statiz,R,United States,4.56,181.0,29.0,4.13,4.22,1.34,6.91,2.69,N,,wiki_provisional,,,,,,,,,,,,,,,,,114.0,3.735,8.526,2.921,0.789,91.692,198.7,3.625,8.064,3.216,0.634,90.872,198.7,90.872,4.443,4.345,,,0.0,none,0,30.0,,완주-재계약됨(일반슬롯),Y,N,26.45,1.271,3.289,,,,1.3464566929133857,0.2974764700440684,29.33333333333333,0,1,4.443,1.504,3.655,4.345,AAA,2014.0
콜린 벨레스터,2016,삼성,N,Y,"STATIZ 신인지명 2016 삼성과 일치, G=3 (실전출전 확정)",STATIZ 확인,1,0,Collin Thomas Balester,1986-06-06,statiz,R,United States,-0.22,12.1,3.0,8.03,7.21,2.59,3.65,8.76,N,,wiki_provisional,15.667,6.644,7.468,7.468,1.723,167.141,69.3,6.039,7.659,4.933,1.947,152.132,200.7,135.075,6.509,5.899,27.0,5.199,7.333,3.0,1.333,116.75,113.3,3.92,8.974,2.859,1.032,97.039,420.0,103.375,4.932,5.29,0.323,-1.214,6.0,velo_only,4,3.0,2016-05-17,조기방출,N,,29.821,2.553,-2.773,0.8703703703703703,-0.1388364448542158,-2.333333333333334,0.574468085106383,-0.5543107357057294,-20.0,1,1,6.509,1.72,5.021,5.36,MLB,2015.0
앨런 웹스터,2016,삼성,N,Y,"STATIZ 신인지명 2016 삼성과 일치, G=12 (실전출전 확정)",STATIZ 확인,1,0,Carl Allen Webster,1990-02-10,statiz,R,United States,1.17,71.0,12.0,5.7,6.02,1.68,7.48,5.96,N,,wiki_provisional,31.0,8.359,4.935,5.806,2.903,211.828,120.3,5.928,5.684,4.936,1.496,153.571,120.3,153.571,8.834,5.894,77.0,4.47,7.247,3.039,0.935,98.518,304.0,4.001,8.23,3.345,0.77,96.289,304.0,96.289,4.909,4.602,0.284,-1.117,3.0,velo_only,5,12.0,2016-07-11,조기방출,N,,26.138,2.605,-1.435,0.5254237288135594,-0.6435502394205731,-28.0,0.6311475409836066,-0.4602156228795726,-45.0,1,1,8.834,3.3,5.356,4.972,MLB,2015.0
아놀드 레온,2016,삼성,N,Y,STATIZ 신인지명 2016 삼성과 일치,STATIZ 확인,1,0,Arnold Leon,1988-09-06,statiz,R,Mexico,-0.14,8.0,2.0,11.25,5.8,2.12,7.88,1.12,N,,wiki_provisional,26.667,4.184,6.412,3.038,1.012,105.122,26.7,4.184,6.412,3.037,1.012,105.122,26.7,105.122,3.995,3.995,58.0,4.358,8.534,2.948,1.086,106.838,274.3,4.072,7.611,2.723,0.755,95.061,369.7,91.715,4.827,4.395,0.067,0.02,1.0,velo_only,4,2.0,,완주-재계약안됨,N,,27.567,2.708,-2.848,,,,0.4,-0.916290731874155,-87.0,1,1,3.995,1.011,3.371,4.47,MLB,2015.0
요한 플란데,2016,삼성,N,Y,STATIZ 신인지명 2016 삼성과 일치(G=13),STATIZ 확인,1,0,Yohan Flande,1986-01-27,statiz,L,Dominican Republic,-0.16,68.2,13.0,7.6,5.99,1.82,7.34,4.33,N,,wiki_provisional,68.333,5.68,5.663,3.293,1.844,136.758,127.3,4.9,5.442,2.898,1.343,119.942,127.3,119.942,5.962,5.203,31.667,6.947,3.126,1.989,2.274,150.742,251.3,4.531,6.088,3.08,0.931,106.019,536.0,99.528,8.276,5.229,0.192,0.279,2.0,velo_only,4,13.0,,완주-재계약안됨,N,,30.177,2.133,-2.293,1.15819209039548,0.1468602465645789,9.333333333333329,0.3584905660377359,-1.0258529343856813,-56.66666666666666,1,1,5.962,2.057,3.209,4.997,MLB,2015.0
데이비드 허프,2016,LG,N,Y,STATIZ 신인지명 2016 LG와 일치,STATIZ 확인,1,0,David Gregory Huff,1984-08-22,statiz,L,United States,2.11,74.2,11.0,3.13,3.43,1.08,5.54,1.08,N,,wiki_provisional,6.0,7.134,6.0,1.5,3.0,186.686,102.7,4.484,6.487,2.893,1.227,115.28,388.0,116.841,6.634,4.576,57.333,3.425,6.75,1.256,0.628,78.77,194.3,4.786,5.696,1.945,1.436,113.192,495.7,100.553,3.738,3.808,0.439,1.72,7.0,velo_only,4,13.0,,완주-재계약됨(일반슬롯),Y,N,31.608,3.143,-1.033,0.1016949152542373,-2.2857779746776643,-53.0,,,,1,1,6.634,3.0,3.017,5.037,MLB,2015.0
헥터 노에시,2016,KIA,N,Y,STATIZ 신인지명 2016 KIA와 일치(G=31),STATIZ 확인,1,0,Hector Noesi,1987-01-26,statiz,R,Dominican Republic,6.57,206.2,31.0,3.4,3.82,1.27,6.05,2.22,N,,wiki_provisional,32.667,6.225,6.061,4.684,1.929,151.937,232.3,4.969,6.43,3.293,1.472,126.434,395.3,125.662,5.898,5.091,65.0,3.572,7.754,2.215,0.969,91.534,195.7,4.4,7.359,2.392,1.196,102.277,239.0,98.762,5.365,5.53,0.623,-0.255,5.0,velo_only,5,31.0,,완주-재계약됨(일반슬롯),Y,N,29.18,3.008,3.562,0.1895551257253384,-1.6630753958378572,-139.66666666666669,0.9798994974874372,-0.0203052661607455,-1.3333333333333286,1,1,5.898,1.853,3.489,5.105,MLB,2015.0
지크 스프루일,2016,KIA,N,Y,STATIZ 신인지명 2016 KIA와 일치,STATIZ 확인,1,0,Ezekiel Stephen Zeke Spruill,1989-09-11,statiz,R,United States,1.73,152.0,29.0,5.27,4.93,1.68,7.4,4.03,N,,wiki_provisional,22.667,2.559,5.559,1.588,0.0,68.483,34.0,3.869,6.088,2.382,0.794,103.151,34.0,103.151,2.373,3.941,114.333,3.944,5.274,2.676,0.63,108.393,285.3,4.404,5.867,2.776,0.82,103.151,285.3,103.151,5.594,5.151,0.106,0.205,2.0,none,0,30.0,,완주-재계약안됨,N,,26.554,2.19,-0.46,2.0,0.6931471805599453,11.333333333333334,1.4472573839662446,0.3696703060308086,35.33333333333333,1,1,5.594,1.761,3.352,5.019,AAA,2015.0
알렉산드로 마에스트리,2016,한화,N,Y,STATIZ 신인지명 2016 한화와 일치(G=9),STATIZ 확인,1,0,Alessandro Maestri,1985-07-01,statiz,R,Italy,-0.71,28.2,8.0,9.42,7.68,2.48,7.22,10.67,Y,NPB Orix Buffaloes 2012-2015 (KBO 입단 이전),wiki_provisional,,,,,,,,,,,,,,,,,,,,,,,,,,,,,,,,,,,0.0,none,0,9.0,2016-06-20,조기방출,N,,30.752,0.263,-0.973,,,,,,,0,0,,,,,,
파비오 카스티요,2016,한화,N,Y,STATIZ 신인지명 2016 한화와 일치,STATIZ 확인,1,0,Fabio Castillo,1989-02-19,statiz,R,Dominican Republic,0.74,84.0,15.0,6.43,5.29,1.74,6.43,4.29,N,,wiki_provisional,,,,,,,,,,,,,,,,,33.0,3.608,5.455,2.182,0.273,78.429,113.0,4.148,6.85,3.664,0.558,94.094,131.7,98.545,4.089,5.133,,,0.0,none,0,20.0,,완주-재계약안됨,N,,27.113,1.399,-0.659,,,,1.434782608695652,0.3610133455373305,10.0,0,1,4.089,0.391,5.421,5.133,AAA,2014.0
에릭 서캠프,2016,한화,N,Y,STATIZ 신인지명 2016 한화와 일치,STATIZ 확인,1,0,Eric M. Surkamp,1987-07-16,statiz,L,United States,0.17,41.1,8.0,6.31,5.15,1.72,7.84,3.7,N,,wiki_provisional,3.333,11.234,10.8,2.7,5.4,293.549,30.3,6.422,7.121,4.154,2.077,169.057,57.0,149.222,10.134,6.195,78.667,3.523,9.839,2.288,0.915,80.869,150.0,3.612,8.4,2.4,0.72,82.025,150.0,82.025,4.664,4.248,0.275,-0.729,4.0,velo_only,4,17.0,,완주-재계약안됨,N,,28.712,2.674,-2.504,0.136986301369863,-1.9878743481543453,-21.0,1.1028037383177571,0.0978557900037587,7.333333333333343,1,1,10.134,6.0,4.455,4.494,MLB,2015.0
슈가 마리몬,2016,kt,N,Y,"STATIZ 신인지명 2016 kt와 일치, G=12",STATIZ 확인,1,0,Sugar Ray Marimon,1988-09-30,statiz,R,Colombia,0.97,62.0,12.0,5.23,4.75,1.44,6.53,4.21,N,,wiki_provisional,25.667,5.199,4.909,4.909,1.052,137.425,25.7,5.199,4.909,4.909,1.052,137.425,25.7,137.425,5.782,5.782,81.667,3.684,5.29,2.865,0.441,102.845,165.0,4.231,6.273,2.836,0.764,101.276,165.0,101.276,4.995,5.073,0.135,-0.292,1.0,velo_only,4,12.0,,완주-재계약안됨,N,,27.502,2.915,-1.945,,,,0.98,-0.0202027073175193,-1.6666666666666572,1,1,5.782,1.423,5.336,5.173,MLB,2015.0
요한 피노,2016,kt,N,Y,STATIZ 신인지명 2016 kt와 일치,STATIZ 확인,1,0,Yohan Pino,1983-12-26,statiz,R,Venezuela,-0.13,39.0,8.0,7.15,5.5,1.97,5.31,3.46,N,,wiki_provisional,19.333,3.599,6.052,1.397,0.931,90.903,79.7,3.861,7.117,1.921,1.13,100.348,79.7,100.348,3.286,3.858,78.667,4.629,7.894,2.288,1.373,102.527,273.0,3.744,8.176,2.44,0.923,91.502,429.7,99.567,5.296,4.524,0.156,1.038,2.0,velo_only,5,12.0,2016-07-24,조기방출,N,,32.266,3.005,-3.135,0.3204419889502762,-1.1380540207194063,-41.0,1.077625570776256,0.0747600752091094,5.666666666666671,1,1,3.286,0.914,1.959,4.864,MLB,2015.0
조쉬 로위,2016,kt,N,Y,STATIZ 신인지명 2016 kt와 일치,STATIZ 확인,1,0,Josh Lowey,1984-12-26,statiz,R,United States,0.11,60.0,13.0,6.3,4.87,1.88,10.2,5.85,N,,wiki_provisional,,,,,,,,,,,,,,,,,142.667,3.58,9.147,2.902,0.694,78.625,265.3,3.415,8.31,2.68,0.509,73.651,265.3,73.651,,,,,0.0,none,0,14.0,,완주-재계약안됨,N,,31.264,1.603,-1.493,,,,1.1630434782608694,0.1510402574128657,19.999999999999982,0,1,,,,,,
브라울리오 라라,2016,SK,N,Y,STATIZ 신인지명 2016 SK와 일치,STATIZ 확인,1,0,Braulio Lara,1988-12-20,statiz,L,Dominican Republic,-0.27,48.1,9.0,6.7,5.39,1.99,7.45,5.59,N,,wiki_provisional,,,,,,,,,,,,,,,,,28.0,3.528,9.321,3.214,0.643,82.366,42.0,4.341,9.214,4.929,0.857,103.948,42.0,103.948,4.134,5.07,,,0.0,none,0,17.0,,완주-재계약안됨,N,,27.28,0.914,-1.184,,,,2.5454545454545454,0.9343092373768334,17.0,0,1,4.134,1.286,5.612,5.07,AAA,2015.0
로버트 코엘로,2016,넥센,N,Y,STATIZ 신인지명 2016 넥센과 일치,STATIZ 확인,1,0,Robert Coello,1984-11-23,statiz,R,United States,1.92,62.0,12.0,3.77,5.74,1.48,6.68,6.1,N,,wiki_provisional,17.0,2.518,12.177,4.235,0.529,66.06,29.0,3.581,12.103,5.276,0.931,89.075,29.0,89.075,2.103,2.931,18.667,3.088,13.982,5.304,0.482,69.25,155.7,4.356,9.597,4.047,0.925,90.168,221.0,94.415,5.344,4.659,0.116,0.357,3.0,none,0,12.0,2016-06-16,조기방출,N,,31.354,2.079,-0.159,2.6842105263157894,0.9873866535578852,10.666666666666668,0.4444444444444445,-0.8109302162163287,-23.333333333333332,1,1,5.344,1.379,5.367,4.603,AAA,2015.0
스콧 맥그레거,2016,넥센,Y,Y,STATIZ 신인지명 2016 넥센과 일치,STATIZ 확인,1,0,Scott McGregor,1986-12-19,statiz,R,United States,1.74,90.0,14.0,5.2,4.89,1.42,6.1,2.0,N,,wiki_provisional,,,,,,,,,,,,,,,,,107.0,4.671,5.299,2.944,1.009,129.811,207.7,4.595,5.634,2.774,0.953,116.611,207.7,116.611,6.639,6.176,,,0.0,none,0,14.0,,완주-재계약안됨,N,,29.284,1.38,0.36,,,,1.0629139072847682,0.0610141057551462,6.333333333333329,0,1,6.639,2.413,3.985,6.176,AAA,2015.0
재크 페트릭,2017,삼성,N,Y,STATIZ 신인지명 2017 삼성과 일치,STATIZ 확인,1,0,Zachary Bernard Petrick,1989-07-29,statiz,R,United States,1.24,134.0,24.0,6.18,5.5,1.69,5.84,3.49,Y,NPB Yokohama DeNA BayStars 2016 (KBO 입단 이전),wiki_provisional,,,,,,,,,,,,,,,,,157.333,3.987,6.464,1.659,0.801,91.838,272.3,4.468,6.444,2.148,0.991,99.954,272.3,99.954,4.488,5.002,,,0.0,none,0,25.0,,완주-재계약안됨,N,,27.671,1.583,-0.343,,,,1.3681159420289857,0.3134345685541957,42.33333333333334,0,1,4.488,1.458,2.758,5.002,AAA,2015.0
앤서니 레나도,2017,삼성,N,Y,STATIZ 신인지명 2017 삼성과 일치,STATIZ 확인,1,0,Anthony Ranaudo,1989-09-09,statiz,R,United States,-0.22,49.0,11.0,6.8,7.54,1.98,5.14,4.96,N,,wiki_provisional,31.333,8.061,5.17,5.745,2.872,189.101,86.0,7.01,4.605,4.605,2.302,175.047,86.0,175.047,7.117,6.838,118.0,4.888,6.864,3.508,1.068,112.559,286.3,4.185,6.978,3.363,0.754,99.644,286.3,99.644,5.43,5.176,0.231,-1.506,3.0,velo_only,4,11.0,,완주-재계약안됨,N,,27.556,2.409,-2.629,2.043478260869565,0.7146533857809088,15.999999999999998,0.855072463768116,-0.1565690606915399,-20.0,1,1,7.117,2.382,4.6,5.409,MLB,2016.0
팻 딘,2017,KIA,N,Y,STATIZ에는 '팻딘'(공백없음)으로 등록. 신인지명 2017 KIA와 일치,STATIZ 확인,1,0,Patrick Michael Dean,1989-05-25,statiz,L,United States,4.36,176.0,29.0,4.14,4.61,1.42,7.31,1.99,N,,wiki_provisional,67.333,5.196,6.683,3.074,1.738,120.477,67.3,5.196,6.683,3.074,1.738,120.477,67.3,120.477,4.741,4.741,87.333,4.257,5.05,1.958,1.031,117.968,306.3,3.558,4.965,1.763,0.588,98.189,306.3,98.189,5.887,4.918,0.18,0.091,1.0,velo_only,4,30.0,,완주-재계약됨(일반슬롯),Y,N,27.849,2.956,1.404,,,,0.4878957169459962,-0.7176535907477679,-91.66666666666669,1,1,4.741,1.565,3.13,4.885,MLB,2016.0
닉 애디튼,2017,롯데,Y,Y,"이름 정정(위키 표기 '닉 에디튼'은 오기, 정확한 표기는 '애디튼'/Nick Additon). 3/29 파커 마켈 대체 영입, STATIZ 신인지명 2017 롯데 일치, G=15(2승7패), 7/12 방출",STATIZ 확인 + 뉴스,1,0,Nick Additon,1987-12-16,statiz,L,United States,0.58,70.0,13.0,5.91,4.58,1.57,7.71,3.21,Y,CPBL Chinatrust Brothers 2016 (KBO 입단 이전),wiki_provisional,,,,,,,,,,,,,,,,,80.333,3.953,5.602,2.577,0.784,110.746,244.3,4.065,6.225,3.278,0.589,101.631,559.7,101.23,5.398,4.778,,,0.0,none,0,15.0,2017-07-12,조기방출,N,,29.29,1.347,-0.767,,,,1.0807174887892377,0.0776251620305362,6.0,0,1,5.398,1.63,3.89,4.992,AAA,2016.0
제프 맨쉽,2017,NC,N,Y,STATIZ 신인지명 2017 NC와 일치,STATIZ 확인,1,0,Jeff Manship,1985-01-16,statiz,R,United States,3.37,112.2,21.0,3.67,4.14,1.29,6.87,2.64,N,,wiki_provisional,43.333,5.108,7.477,4.569,1.454,119.641,105.7,3.971,7.24,3.918,0.767,96.88,222.0,108.089,4.547,3.763,31.667,3.283,8.811,2.558,0.853,85.994,161.0,4.014,6.876,3.298,0.671,93.432,415.0,94.93,4.65,4.623,0.349,0.214,8.0,velo_only,4,21.0,,완주-재계약안됨,N,,32.203,2.776,0.594,1.1016949152542372,0.0968498259899176,4.0,1.25,0.2231435513142097,6.333333333333336,1,1,4.547,1.2,4.194,4.668,MLB,2016.0
돈 로치,2017,kt,N,Y,STATIZ 신인지명 2017 kt와 일치,STATIZ 확인,1,0,Donn Roach,1989-12-14,statiz,R,United States,2.35,165.0,28.0,4.69,5.38,1.58,5.4,3.27,N,,wiki_provisional,5.333,6.522,3.375,3.375,1.688,156.698,39.0,4.878,4.615,4.154,0.692,131.167,39.0,131.167,5.21,4.845,77.333,4.722,5.121,4.655,0.233,99.99,77.3,4.722,5.121,4.655,0.233,99.99,77.3,99.99,4.279,4.641,0.335,-0.424,3.0,velo_only,2,28.0,,완주-재계약안됨,N,,27.294,2.126,0.224,,,,,,,1,1,5.21,1.429,4.663,4.662,MLB,2016.0
스캇 다이아몬드,2017,SK,N,Y,STATIZ 신인지명 2017 SK와 일치,STATIZ 확인,1,0,Scott Michael Diamond,1986-07-30,statiz,L,Canada,3.25,134.1,24.0,4.42,5.1,1.47,3.95,2.34,N,,wiki_provisional,1.0,9.147,0.0,18.0,0.0,215.671,305.0,4.491,4.19,2.036,1.121,111.391,344.0,111.118,9.147,4.424,166.0,3.495,5.422,1.735,0.596,95.612,357.3,3.641,5.289,1.687,0.705,99.266,571.3,94.757,4.745,5.369,0.376,2.757,4.0,velo_only,3,24.0,,완주-재계약안됨,N,,30.669,2.954,0.296,0.0076335877862595,-4.875197323201151,-130.0,1.104212860310421,0.0991327375219746,15.666666666666655,1,1,9.147,0.0,2.03,4.87,MLB,2016.0
션 오설리반,2017,넥센,N,Y,STATIZ 신인지명 2017 넥센과 일치,STATIZ 확인,1,0,Sean Daniel O'Sullivan,1987-09-01,statiz,R,United States,-0.54,8.0,2.0,15.75,6.47,2.38,6.75,2.25,N,,wiki_provisional,21.333,4.881,5.484,2.531,1.266,116.569,105.0,5.841,4.714,2.4,1.886,145.523,323.7,138.899,4.32,5.988,105.333,3.416,7.263,2.307,0.598,93.523,310.3,4.015,6.38,2.784,0.783,104.307,654.0,95.927,4.572,5.241,0.331,-1.475,7.0,velo_only,5,3.0,2017-05-03,조기방출,N,,29.58,3.116,-3.656,0.3004694835680751,-1.2024090823497533,-49.66666666666667,1.8698224852071004,0.6258434986638385,48.99999999999999,1,1,4.32,1.268,2.533,5.154,MLB,2016.0
제이크 브리검,2017,넥센,Y,Y,STATIZ 신인지명 2017 넥센과 일치,STATIZ 확인,1,0,Jake Brigham,1988-02-10,statiz,R,United States,3.23,144.0,24.0,4.38,4.75,1.33,6.12,1.62,Y,NPB Tohoku Rakuten Golden Eagles 2016 (KBO 입단 이전),wiki_provisional,16.667,4.094,6.48,4.32,0.54,108.378,16.7,4.094,6.48,4.32,0.54,108.378,16.7,108.378,3.972,3.972,26.0,3.042,6.923,2.423,0.346,84.923,232.0,4.392,6.517,3.142,0.776,106.014,232.0,106.014,4.231,5.083,0.067,-0.015,1.0,velo_only,5,24.0,,완주-재계약됨(일반슬롯),Y,N,29.136,3.151,0.079,,,,0.2815884476534296,-1.2673086794977468,-66.33333333333333,1,1,3.972,0.539,4.85,5.004,MLB,2015.0
세스 프랭코프,2018,두산,N,Y,STATIZ에는 '후랭코프'로 등록. 활약연도 2018-2019 두산과 일치,STATIZ 확인,1,0,Seth Frankoff,1988-08-27,statiz,R,United States,4.72,149.1,28.0,3.74,4.66,1.16,8.08,3.31,N,,wiki_provisional,2.0,7.658,9.0,0.0,4.5,176.612,2.0,7.658,9.0,0.0,4.5,176.612,2.0,176.612,8.452,8.452,116.667,5.101,9.18,3.626,1.389,111.372,134.7,5.3,8.688,3.876,1.403,117.535,165.3,115.148,5.673,5.955,0.012,-0.076,1.0,full,3,28.0,,완주-재계약됨(일반슬롯),Y,N,29.572,2.032,2.688,,,,15.90909090909091,2.766890701125144,109.33333333333334,1,1,8.452,5.294,0.0,5.806,MLB,2017.0
팀 아델만,2018,삼성,N,Y,STATIZ 신인지명 2018 삼성과 일치,STATIZ 확인,1,0,Timothy Max Adleman,1987-11-13,statiz,R,United States,3.5,171.0,31.0,5.05,4.91,1.5,7.21,2.84,N,,wiki_provisional,122.333,5.872,7.946,3.752,2.134,132.741,192.0,5.664,7.266,3.328,1.969,129.878,192.0,129.878,5.505,5.405,7.0,3.909,7.714,1.286,1.286,98.054,63.7,3.439,6.22,1.555,0.707,93.265,63.7,93.265,5.76,4.616,0.751,-0.114,2.0,full,4,31.0,,완주-재계약안됨,N,,30.36,2.955,0.545,1.7559808612440189,0.5630275960897592,52.66666666666666,0.1235294117647058,-2.0912759993268386,-49.666666666666664,1,1,5.505,2.054,3.298,5.213,MLB,2017.0
리살베르토 보니야,2018,삼성,N,Y,STATIZ 신인지명 2018 삼성과 일치,STATIZ 확인,1,0,Lisalverto Bonilla,1990-06-18,statiz,R,Dominican Republic,3.08,168.0,29.0,5.3,5.11,1.52,8.09,3.38,N,,wiki_provisional,36.667,6.43,6.873,5.4,1.964,145.339,57.3,5.782,7.064,5.337,1.57,136.365,57.3,136.365,,,62.667,3.8,8.473,3.303,0.862,95.329,211.0,3.685,9.81,3.199,0.81,84.972,254.0,90.08,,,0.184,-0.205,2.0,full,4,29.0,,완주-재계약안됨,N,,27.765,2.609,0.471,1.7741935483870963,0.5733459807473246,15.999999999999996,0.8506787330316741,-0.1617207386878037,-11.000000000000009,1,1,,,,,,
타일러 윌슨,2018,LG,N,Y,STATIZ 활약연도 2018-2021 LG와 일치,STATIZ 확인,1,0,Tylor Wilson,1989-09-25,statiz,R,United States,6.28,170.0,26.0,3.07,3.66,1.14,7.89,1.85,N,,wiki_provisional,15.333,5.505,5.283,2.348,1.761,120.108,145.3,4.713,4.768,2.415,1.177,108.007,145.3,108.007,5.184,4.203,114.0,4.39,5.368,2.763,0.789,113.149,232.0,3.876,5.858,2.172,0.737,103.81,302.0,102.298,5.37,5.123,0.325,0.773,3.0,full,5,26.0,,완주-재계약됨(일반슬롯),Y,N,28.493,3.149,3.131,0.1631205673758865,-1.8132656744490183,-78.66666666666667,4.816901408450704,1.5721308600212898,90.33333333333331,1,1,5.184,1.765,2.428,4.795,MLB,2017.0
펠릭스 듀브론트,2018,롯데,N,Y,STATIZ 신인지명 2018 롯데와 일치,STATIZ 확인,1,0,Felix Antonio Doubront,1987-10-23,statiz,L,Venezuela,2.7,137.1,25.0,4.92,5.05,1.63,7.14,4.06,N,,wiki_provisional,75.333,4.448,6.69,3.106,1.195,111.21,317.3,4.277,6.977,3.687,0.993,110.629,513.7,109.862,4.432,4.25,42.0,4.387,10.714,4.071,1.071,99.454,160.3,3.97,8.644,3.536,0.898,97.023,197.3,93.767,4.92,3.891,0.723,3.836,6.0,velo_only,5,25.0,2018-09-12,조기방출,N,,30.418,2.763,-0.063,0.9456066945606694,-0.0559285526592248,-4.333333333333343,0.875,-0.1335313926245226,-6.0,1,1,4.92,1.714,4.238,4.274,AAA,2017.0
키버스 샘슨,2018,한화,N,Y,STATIZ 활약연도 2018 한화와 일치,STATIZ 확인,1,0,Keyvius Sampson,1991-01-06,statiz,R,United States,3.07,161.2,29.0,4.68,4.19,1.38,10.86,4.4,N,,wiki_provisional,39.333,6.197,9.61,6.178,2.059,145.839,91.7,5.376,8.247,5.204,1.571,131.027,91.7,131.027,5.641,5.197,62.333,2.864,8.952,3.032,0.433,78.514,193.0,4.828,8.813,5.176,1.073,112.614,231.0,117.392,6.275,5.058,0.284,0.104,2.0,velo_only,4,30.0,,완주-재계약안됨,N,,27.211,2.271,0.799,0.7515923566878981,-0.2855611808826432,-13.0,1.5982905982905984,0.4689346820568306,23.333333333333336,1,1,6.275,1.746,5.949,5.763,AAA,2017.0
제이슨 휠러,2018,한화,N,Y,STATIZ 신인지명 2018 한화와 일치(G=19),STATIZ 확인,1,0,Jason Wheeler,1990-10-27,statiz,L,United States,1.72,101.2,19.0,5.13,4.78,1.59,8.32,3.01,N,,wiki_provisional,3.0,11.491,0.0,12.0,3.0,260.525,3.0,11.491,0.0,12.0,3.0,260.525,3.0,260.525,11.491,11.491,145.333,3.603,6.998,2.291,0.805,99.836,228.3,4.102,6.149,2.483,0.946,113.697,228.3,113.697,5.197,5.622,0.013,-0.124,1.0,full,4,19.0,,완주-재계약안됨,N,,27.406,2.617,-0.897,,,,1.8632478632478633,0.6223211279913329,67.33333333333334,1,1,11.491,3.0,12.0,5.638,MLB,2017.0
데이비드 헤일,2018,한화,N,Y,STATIZ 신인지명 2018 한화와 일치(G=12),STATIZ 확인,1,0,David E. Hale,1987-09-27,statiz,R,United States,1.66,66.1,12.0,4.34,4.69,1.28,7.46,2.31,N,,wiki_provisional,2.0,11.647,4.5,9.0,4.5,262.947,167.7,4.6,5.69,3.274,1.074,119.144,178.7,113.073,11.647,4.858,52.667,3.683,6.665,1.196,0.684,78.317,217.3,3.991,6.336,2.65,0.663,94.972,217.3,94.972,4.081,5.025,0.451,0.84,4.0,velo_only,4,12.0,,완주-재계약안됨,N,,30.489,2.763,-1.103,0.025531914893617,-3.667826044916104,-76.33333333333333,1.0533333333333332,0.0519597389307109,2.6666666666666643,1,1,4.081,1.212,2.931,4.79,AAA,2017.0
로건 베렛,2018,NC,N,Y,STATIZ 신인지명 2018 NC와 일치,STATIZ 확인,1,0,Scott Logan Verrett,1990-06-19,statiz,R,United States,2.54,155.0,29.0,5.28,5.23,1.53,8.36,3.43,N,,wiki_provisional,10.667,6.533,7.594,2.531,2.531,142.586,150.0,5.17,6.84,3.66,1.5,126.971,150.0,126.971,5.703,5.098,60.0,4.954,7.35,3.3,1.35,127.686,136.7,4.637,7.046,3.227,1.054,110.648,298.7,100.178,6.072,5.422,0.334,-0.83,3.0,full,5,29.0,,완주-재계약안됨,N,,27.762,2.571,-0.031,0.1163636363636363,-2.1510351948668447,-81.0,5.0,1.6094379124341005,48.0,1,1,5.703,2.455,3.77,5.007,MLB,2017.0
왕웨이중,2018,NC,N,Y,STATIZ 신인지명 2018 NC와 일치,STATIZ 확인,1,0,Wei-Chung Wang,1992-04-25,statiz,L,Taiwan,2.58,141.2,25.0,4.26,4.68,1.48,6.86,2.54,N,,wiki_provisional,1.333,9.908,13.5,0.0,6.75,226.762,18.7,7.848,7.232,3.857,3.375,202.793,18.7,202.793,10.081,8.937,57.0,4.037,7.579,1.895,0.947,82.116,89.0,3.645,7.685,1.416,0.809,75.524,89.0,75.524,4.41,3.903,0.174,-0.471,2.0,full,4,25.0,,완주-재계약안됨,N,,25.911,2.853,-0.273,0.0769230769230769,-2.5649493574615367,-15.999999999999998,2.1923076923076925,0.7849547298130682,31.0,1,1,10.081,6.923,4.197,4.798,MLB,2017.0
앙헬 산체스,2018,SK,N,Y,STATIZ 활약연도 2018-2021 SK와 일치,STATIZ 확인,1,0,Angel Luis Sanchez,1989-11-28,statiz,R,Dominican Republic,2.43,145.1,26.0,4.89,5.3,1.38,7.68,2.42,N,,wiki_provisional,12.333,7.05,7.297,0.73,3.649,163.083,12.3,7.05,7.297,0.73,3.649,163.083,12.3,163.083,6.85,6.85,55.333,2.795,10.572,2.44,0.651,74.097,115.3,3.261,8.974,2.341,0.78,90.678,115.3,90.678,3.772,4.542,0.096,-0.254,1.0,full,4,29.0,,완주-재계약됨(일반슬롯),Y,N,28.318,2.915,-0.485,,,,0.9222222222222224,-0.080969062533667,-4.666666666666664,1,1,6.85,3.462,0.692,4.781,MLB,2017.0
덱 맥과이어,2019,삼성,N,Y,STATIZ 신인지명 2019 삼성과 일치,STATIZ 확인,1,0,William Deck McGuire,1989-06-23,statiz,R,United States,1.22,112.1,21.0,5.05,4.84,1.65,8.01,5.29,N,,wiki_provisional,38.0,6.95,7.816,6.158,2.132,162.007,51.7,5.947,7.665,4.877,1.742,138.083,51.7,138.083,6.424,5.449,134.0,5.43,7.455,3.358,1.478,122.739,199.7,4.988,7.392,3.02,1.262,113.284,199.7,113.284,5.462,5.699,0.206,-0.403,2.0,full,5,21.0,2019-08-08,조기방출,N,,29.747,2.616,-1.396,2.780487804878049,1.0226263816901875,24.333333333333336,2.0406091370558372,0.7132483598810324,68.33333333333333,1,1,6.424,2.115,4.728,6.109,MLB,2018.0
저스틴 헤일리,2019,삼성,N,Y,STATIZ 신인지명 2019 삼성과 일치(G=19); 7월 방출,STATIZ 확인,1,0,Justin Case Haley,1991-06-16,statiz,R,United States,0.4,87.2,19.0,5.75,3.51,1.47,8.62,3.49,N,,wiki_provisional,7.667,7.726,0.0,3.522,2.348,183.458,25.7,5.769,4.909,3.156,1.753,133.117,25.7,133.117,7.706,5.466,113.667,3.544,8.472,2.613,0.792,91.772,199.0,3.655,7.869,2.668,0.814,97.054,199.0,97.054,4.73,5.208,0.114,-0.215,2.0,full,4,19.0,2019-07-22,조기방출,N,,27.767,2.74,-2.34,0.4259259259259259,-0.8534898306351247,-10.333333333333332,1.3320312500000002,0.2867050328039545,28.333333333333343,1,1,7.706,2.338,3.115,5.233,MLB,2018.0
벤 라이블리,2019,삼성,N,Y,"STATIZ 신인지명 2019 삼성과 일치, 활약연도 2019-2021",STATIZ 확인,1,0,Bennett Lively,1992-03-05,statiz,R,United States,1.36,57.0,9.0,3.95,3.08,1.12,9.16,2.05,N,,wiki_provisional,30.333,4.875,8.011,4.451,1.187,116.705,119.0,4.948,5.975,2.95,1.286,113.393,119.0,113.393,4.66,4.692,52.0,3.198,8.135,2.596,0.519,83.168,266.7,3.21,7.391,2.16,0.54,84.297,266.7,84.297,4.269,4.121,0.309,1.076,2.0,full,5,9.0,,완주-재계약됨(일반슬롯),Y,N,27.047,3.241,-1.881,0.3421052631578947,-1.0726368022648491,-58.33333333333334,0.5360824742268041,-0.6234672599219555,-45.0,1,1,4.66,1.2,2.898,4.301,MLB,2018.0
케이시 켈리,2019,LG,N,Y,STATIZ 활약연도 2019-2024 LG와 일치,STATIZ 확인,1,0,Casey Patrick Kelly,1989-10-04,statiz,R,United States,4.22,180.1,29.0,2.55,3.5,1.14,6.29,2.05,N,,wiki_provisional,23.667,4.217,6.085,1.901,1.141,108.635,56.7,4.244,4.765,2.382,0.794,108.267,85.7,114.465,4.066,3.977,136.0,4.856,7.346,2.515,1.257,106.981,225.7,4.526,6.86,2.832,0.997,107.809,237.7,104.055,5.508,5.776,0.265,0.307,4.0,full,5,29.0,,완주-재계약됨(일반슬롯),Y,N,29.465,2.842,1.378,1.0923076923076922,0.0882926071456782,2.0,1.837837837837838,0.6085897925318823,62.0,1,1,4.066,1.111,2.328,5.195,MLB,2018.0
제이콥 터너,2019,KIA,N,Y,STATIZ 신인지명 2019 KIA와 일치,STATIZ 확인,1,0,Jacob Edward Turner,1992-05-21,statiz,R,United States,0.06,153.1,28.0,5.46,4.28,1.55,7.1,3.4,N,,wiki_provisional,6.667,8.86,4.05,8.1,2.7,219.767,70.3,6.382,5.63,4.735,1.919,148.453,369.0,125.697,8.366,5.959,65.667,4.404,7.264,4.523,0.685,111.434,229.0,4.181,6.799,2.987,0.865,103.479,246.3,100.119,5.491,5.288,0.6,-0.315,7.0,full,4,28.0,,완주-재계약안됨,N,,26.836,2.641,-2.581,0.1709401709401709,-1.766441661243765,-32.333333333333336,0.6137071651090343,-0.4882373943920272,-41.33333333333333,1,1,8.366,2.466,4.797,5.061,MLB,2018.0
조 윌랜드,2019,KIA,N,Y,STATIZ 신인지명 2019 KIA와 일치,STATIZ 확인,1,0,Joseph Andrew Wieland,1990-01-21,statiz,R,United States,1.86,165.0,28.0,4.75,4.14,1.52,7.47,3.22,Y,NPB Yokohama DeNA BayStars 2017-2018 (KBO 입단 이전),wiki_provisional,5.0,4.547,5.4,0.0,1.8,108.948,25.0,6.256,5.4,3.6,2.16,166.273,52.7,145.545,4.147,6.856,124.333,4.453,8.542,2.823,1.086,100.446,261.7,3.922,7.911,2.339,0.791,88.77,269.3,87.194,5.105,4.361,0.164,-0.415,4.0,velo_only,3,28.0,,완주-재계약안됨,N,,29.166,2.655,-0.795,0.576923076923077,-0.5500463369192718,-3.666666666666666,1.093841642228739,0.0896959423602986,10.666666666666655,1,1,4.147,1.8,4.32,4.527,MLB,2016.0
제이크 톰슨,2019,롯데,N,Y,STATIZ 활약연도 2019 롯데와 일치,STATIZ 확인,1,0,Jake Thompson,1994-01-31,statiz,R,United States,0.64,62.2,11.0,4.74,3.56,1.23,8.62,3.3,N,,wiki_provisional,16.333,4.262,7.714,6.061,0.551,101.828,116.3,5.8,6.266,4.719,1.547,134.84,116.3,134.84,4.272,5.439,118.333,4.402,6.845,3.575,0.913,110.828,248.0,4.1,6.423,3.048,0.798,107.064,248.0,107.064,5.816,5.328,0.319,-0.443,3.0,full,4,11.0,2019-06-09,조기방출,N,,25.139,2.611,-1.971,0.3525179856115107,-1.0426536350200653,-30.000000000000004,0.9125964010282775,-0.0914615541430304,-11.333333333333329,1,1,4.272,0.5,4.538,5.361,MLB,2018.0
브록 다익손,2019,SK,N,Y,"STATIZ 확인 결과 원래 SK가 2019년 신인지명(19 SK 자유선발), 2019-06-10 SK→롯데 트레이드 — 위키 기반 v1에서 롯데로 잘못 기재되어 있었음, SK로 정정",STATIZ 확인,1,0,Brock D. Dykxhoorn,1994-07-02,statiz,R,Canada,2.26,149.1,28.0,4.34,4.0,1.37,7.05,2.41,N,,wiki_provisional,,,,,,,,,,,,,,,,,74.333,3.745,9.565,1.937,0.969,82.918,74.3,3.745,9.565,1.937,0.969,82.918,74.3,82.918,4.341,4.341,,,0.0,none,0,29.0,2019-06-03,조기방출,N,,24.723,1.472,0.788,,,,,,,0,1,4.341,1.588,2.442,4.341,AAA,2018.0
워릭 서폴드,2019,한화,N,Y,STATIZ 신인지명 2019 한화와 일치,STATIZ 확인,1,0,Warwick Anthony Saupold,1990-01-16,statiz,R,Australia,4.21,192.1,31.0,3.51,3.53,1.27,6.32,2.53,N,,wiki_provisional,34.333,5.811,4.194,3.408,1.573,134.534,106.7,5.248,5.906,3.966,1.266,119.403,106.7,119.403,5.541,4.734,53.333,4.364,7.256,2.869,1.012,118.323,168.0,3.738,6.75,3.0,0.589,102.337,188.3,99.224,5.811,4.811,0.362,-0.674,3.0,full,4,31.0,,완주-재계약됨(일반슬롯),Y,N,29.18,2.665,1.545,0.547872340425532,-0.6017129746003133,-28.33333333333333,1.322314049586777,0.2793832696370859,13.0,1,1,5.541,1.513,3.75,4.67,MLB,2018.0
채드 벨,2019,한화,N,Y,STATIZ에는 '채드벨'(공백없음)로 등록. 신인지명 2019 한화와 일치,STATIZ 확인,1,0,Chadwick Micah Bell,1989-02-28,statiz,L,United States,4.29,177.1,29.0,3.5,4.14,1.31,6.8,3.2,N,,wiki_provisional,7.333,3.842,8.591,2.455,1.227,89.238,69.7,5.297,8.268,4.263,1.679,119.444,69.7,119.444,3.875,4.713,34.333,3.629,8.126,2.621,0.786,95.137,115.0,4.282,6.965,3.757,0.626,96.259,115.0,96.259,5.643,4.724,0.377,-0.256,2.0,full,5,29.0,,완주-재계약됨(일반슬롯),Y,N,30.062,2.834,1.456,0.1176470588235294,-2.1400661634962708,-55.0,,,,1,1,3.875,1.286,4.0,4.778,MLB,2018.0
드류 루친스키,2019,NC,N,Y,"STATIZ 신인지명 2019 NC와 일치, 활약연도 2019-2022",STATIZ 확인,1,0,Andrew James Rucinski,1988-12-30,statiz,R,United States,5.31,177.1,30.0,3.05,3.98,1.18,6.04,2.28,N,,wiki_provisional,35.333,3.811,6.877,3.311,0.509,96.813,46.7,4.678,6.943,4.05,0.964,116.601,54.0,108.85,3.469,4.352,25.0,2.905,7.56,2.16,0.0,64.392,243.0,3.859,7.185,2.185,0.704,90.726,355.3,103.376,3.203,4.416,0.132,-0.076,4.0,full,6,30.0,,완주-재계약됨(일반슬롯),Y,N,30.226,3.773,1.537,,,,0.3968253968253968,-0.924258901523332,-38.0,1,1,3.469,0.504,4.304,4.95,MLB,2018.0
에디 버틀러,2019,NC,N,Y,STATIZ 신인지명 2019 NC와 일치,STATIZ 확인,1,0,Timothy Edward Butler,1991-03-13,statiz,R,United States,0.75,73.2,13.0,4.76,4.34,1.44,5.99,3.42,N,,wiki_provisional,49.667,6.14,5.255,3.443,1.993,141.903,168.3,5.394,5.667,3.636,1.497,123.712,263.7,130.38,5.589,5.073,13.333,7.87,6.075,3.375,2.7,175.672,148.0,4.905,4.5,2.615,0.851,105.768,216.7,105.92,8.91,5.322,0.549,-0.602,5.0,full,5,13.0,2019-07-03,조기방출,N,,28.027,2.165,-1.415,0.9085365853658536,-0.0959201218787392,-5.0,0.291970802919708,-1.2311014717141886,-32.33333333333333,1,1,5.589,1.721,3.506,5.407,MLB,2018.0
크리스천 프리드릭,2019,NC,Y,Y,STATIZ 신인지명 2019 NC와 일치,STATIZ 확인,1,0,Christian Louis Patrick Friedrich,1987-07-08,statiz,L,United States,2.66,72.0,12.0,2.75,3.56,1.18,7.0,2.75,N,,wiki_provisional,129.333,4.159,6.959,3.619,0.905,101.71,212.0,4.108,7.302,3.693,0.892,100.411,296.7,103.059,4.114,4.137,3.0,11.721,12.0,6.0,6.0,242.363,104.0,5.703,8.048,3.894,1.644,121.098,148.7,107.512,15.491,6.277,0.666,3.068,4.0,velo_only,5,12.0,,완주-재계약안됨,N,,31.707,0.587,2.073,2.217142857142857,0.7962193656997594,71.0,0.3103448275862069,-1.1700712526502546,-6.666666666666666,1,1,15.491,9.0,4.47,4.663,AAA,2017.0
윌리엄 쿠에바스,2019,kt,N,Y,"STATIZ 신인지명 2019 kt와 일치, 활약연도 2019-2025 전부 kt(팀이동 기록 없음)",STATIZ 확인,1,0,William Enrique Cuevas Osorio,1990-10-14,statiz,R,Venezuela,4.27,184.0,30.0,3.62,4.4,1.17,6.6,3.08,N,,wiki_provisional,17.0,5.749,10.588,5.824,1.588,136.731,22.3,5.71,9.672,6.851,1.209,135.833,22.3,135.833,5.01,4.951,135.333,4.131,8.047,2.527,1.131,106.968,307.3,4.32,7.116,2.841,1.113,115.618,307.3,115.618,5.683,5.891,0.068,-0.22,3.0,full,5,30.0,,완주-재계약됨(일반슬롯),Y,N,28.438,2.809,1.461,,,,1.0330788804071247,0.0325435477324714,4.333333333333343,1,1,5.01,1.561,6.861,5.737,MLB,2018.0
라울 알칸타라,2019,kt,N,Y,"STATIZ 신인지명 2019 kt와 일치, 2020 두산·2025 키움 트레이드 확인(두산/키움 항목을 재영입으로 제외한 판단과 일치)",STATIZ 확인,1,0,Raul Alcántara,1992-12-04,statiz,R,Dominican Republic,3.84,172.2,27.0,4.01,4.02,1.25,5.21,1.41,N,,wiki_provisional,24.0,6.741,4.5,4.5,1.875,157.483,46.3,7.447,5.05,3.108,2.719,177.292,46.3,177.292,6.118,6.423,83.333,4.753,5.724,1.512,1.08,110.527,162.7,3.85,5.92,1.328,0.609,89.786,162.7,89.786,5.422,4.17,0.222,-0.904,2.0,full,5,27.0,,완주-재계약됨(일반슬롯),Y,N,26.297,3.115,0.725,1.0746268656716418,0.0719734996250892,1.666666666666668,2.4752475247524752,0.906340401020987,49.666666666666664,1,1,5.422,1.85,1.736,4.686,AAA,2018.0
에릭 요키시,2019,키움,N,Y,"STATIZ 신인지명 2019 넥센과 일치, 2024-08-08 NC 트레이드 확인(NC 2024 항목을 재영입으로 제외한 판단과 일치)",STATIZ 확인,1,0,Eric Spenser Jokisch,1989-07-29,statiz,L,United States,4.67,181.1,30.0,3.13,3.31,1.13,7.0,1.94,N,,wiki_provisional,14.333,5.295,6.279,2.512,1.884,143.476,14.3,5.295,6.279,2.512,1.884,143.476,14.3,143.476,5.877,5.877,148.667,4.156,7.325,2.785,0.726,96.629,353.3,4.375,6.393,2.827,0.764,98.178,511.7,92.275,4.67,4.878,0.027,-0.155,1.0,none,0,30.0,,완주-재계약됨(일반슬롯),Y,N,29.648,2.136,2.534,,,,1.103960396039604,0.098904074058914,14.0,1,1,4.67,1.219,3.481,4.657,AAA,2018.0
크리스 플렉센,2020,두산,N,Y,STATIZ 신인지명 2020 두산과 일치,STATIZ 확인,1,0,Chris Flexen,1994-07-01,statiz,R,United States,3.53,116.2,21.0,3.01,2.58,1.09,10.18,2.31,N,,wiki_provisional,13.667,5.555,6.585,8.561,0.659,128.855,68.0,6.919,6.485,7.147,1.853,163.978,68.0,163.978,5.481,6.67,78.667,3.981,10.525,2.403,1.258,78.779,170.7,4.323,8.965,2.742,1.16,89.015,170.7,89.015,4.57,4.967,0.285,-1.155,3.0,full,5,21.0,,완주-재계약안됨,N,,25.845,2.695,0.835,2.1578947368421053,0.7691330875378674,7.333333333333333,0.855072463768116,-0.1565690606915399,-13.333333333333329,1,1,5.481,0.6,6.814,5.47,MLB,2019.0
데이비드 뷰캐넌,2020,삼성,N,Y,"STATIZ 신인지명 2020 삼성과 일치, 활약연도 2020-2023",STATIZ 확인,1,0,David Andrew Buchanan,1989-05-11,statiz,R,United States,5.98,174.2,27.0,3.45,4.36,1.27,6.23,2.58,Y,NPB Tokyo Yakult Swallows 2017-2019 (KBO 입단 이전),wiki_provisional,74.667,5.33,5.304,3.496,1.446,132.841,192.3,4.682,5.381,2.854,1.123,120.7,192.3,120.7,5.307,4.866,167.333,3.952,5.11,2.151,0.807,107.08,279.0,3.879,5.516,2.613,0.645,103.814,318.0,103.544,5.31,5.023,0.377,1.065,2.0,velo_only,5,27.0,,완주-재계약됨(일반슬롯),Y,N,30.984,3.106,2.874,0.6345609065155807,-0.4548220050782569,-43.0,3.060975609756098,1.118733691867531,112.66666666666669,1,1,5.31,1.608,3.421,4.919,AAA,2016.0
애런 브룩스,2020,KIA,N,Y,STATIZ 활약연도 2020-2021 KIA와 일치,STATIZ 확인,1,0,Aaron Lee Brooks,1990-04-27,statiz,R,United States,6.48,151.1,23.0,2.5,2.72,1.02,7.73,1.43,N,,wiki_provisional,110.0,5.405,6.709,2.782,1.718,115.801,168.0,5.21,6.482,2.679,1.607,117.805,170.7,120.999,4.882,4.804,99.333,4.148,6.705,2.537,0.725,86.56,254.7,4.344,6.467,2.014,0.954,91.794,254.7,91.794,4.62,6.024,0.401,0.322,4.0,full,5,23.0,,완주-재계약됨(일반슬롯),Y,N,30.023,3.265,3.215,,,,6.081632653061225,1.805273188394778,83.0,1,1,4.882,1.469,2.782,5.077,MLB,2019.0
드류 가뇽,2020,KIA,N,Y,STATIZ 신인지명 2020 KIA와 일치,STATIZ 확인,1,0,Andrew M. Drew Gagnon,1990-06-26,statiz,R,United States,3.31,159.2,28.0,4.34,3.73,1.42,7.95,3.61,N,,wiki_provisional,23.667,8.96,6.465,2.662,4.183,208.417,35.7,7.878,6.308,3.028,3.28,186.838,35.7,186.838,7.714,6.934,88.667,4.504,7.308,1.726,1.218,89.145,332.7,4.401,8.711,2.678,1.109,91.265,477.3,98.962,4.618,4.728,0.07,-1.154,2.0,full,4,28.0,,완주-재계약안됨,N,,29.859,2.564,0.746,1.9722222222222223,0.6791609385852054,11.666666666666668,0.5623678646934461,-0.5755990797102338,-68.99999999999999,1,1,7.714,3.462,2.842,5.201,MLB,2019.0
댄 스트레일리,2020,롯데,N,Y,STATIZ 활약연도 2020-2023 롯데와 일치,STATIZ 확인,1,0,Dan Straily,1988-12-01,statiz,R,United States,8.12,194.2,31.0,2.5,2.9,1.02,9.48,2.36,N,,wiki_provisional,47.667,9.34,6.231,4.154,4.154,191.312,351.7,5.41,7.729,3.429,1.868,127.504,803.3,122.389,8.409,5.25,122.667,3.665,9.098,1.834,0.954,85.536,221.0,3.24,9.733,2.158,0.692,75.062,221.0,75.062,4.535,4.517,0.784,3.614,8.0,full,5,31.0,,완주-재계약됨(일반슬롯),Y,N,31.425,3.052,5.068,0.3896457765667575,-0.942517217794663,-74.66666666666666,3.873684210526316,1.35420604656839,91.0,1,1,8.409,3.511,3.282,4.593,MLB,2019.0
애드리안 샘슨,2020,롯데,N,Y,STATIZ 활약연도 2020 롯데와 일치,STATIZ 확인,1,0,Adrian Sampson,1991-10-07,statiz,R,United States,1.7,130.0,25.0,5.4,4.61,1.56,6.02,2.49,N,,wiki_provisional,125.333,5.687,7.253,2.585,2.082,119.176,153.0,5.825,6.941,2.412,2.176,124.379,153.0,124.379,4.927,5.062,126.667,4.345,6.039,1.705,0.853,96.186,217.0,3.952,6.346,1.535,0.705,87.944,236.0,89.557,4.736,4.295,0.393,0.122,3.0,full,3,25.0,,완주-재계약안됨,N,,28.578,2.919,-1.219,5.449275362318841,1.6954826387926352,102.33333333333331,12.666666666666668,2.538973871058276,116.66666666666669,1,1,4.927,1.674,2.414,4.708,MLB,2019.0
마이크 라이트,2020,NC,N,Y,STATIZ 활약연도 2020-2021 NC와 일치,STATIZ 확인,1,0,Dennis Michael Mike Wright Jr.,1990-01-03,statiz,R,United States,3.4,157.2,29.0,4.68,4.35,1.44,7.14,3.6,N,,wiki_provisional,29.333,5.259,9.205,3.682,1.841,111.204,138.7,4.873,8.567,3.57,1.493,108.025,258.0,118.579,4.537,4.178,58.0,3.745,8.69,2.638,0.621,69.794,217.3,3.751,7.247,2.36,0.745,92.573,447.7,92.744,3.691,4.553,0.366,-0.205,5.0,full,5,29.0,,완주-재계약안됨,N,,30.335,3.235,0.165,0.3478260869565217,-1.0560526742493137,-55.0,0.6987951807228916,-0.3583975972501785,-25.0,1,1,4.537,1.452,3.438,4.544,MLB,2019.0
오드리사머 데스파이네,2020,kt,N,Y,"STATIZ 신인지명 2020 kt와 일치, 활약연도 2020-2022",STATIZ 확인,1,0,Odrisamer Despaigne,1987-04-04,statiz,R,Cuba,4.88,207.2,34.0,4.33,4.33,1.45,6.59,2.95,N,,wiki_provisional,13.333,6.889,4.725,4.725,2.025,146.141,110.7,4.539,5.937,4.066,0.813,106.438,363.0,112.856,,,43.333,2.868,8.308,2.492,0.0,63.574,201.7,3.703,7.096,2.812,0.491,89.999,225.3,90.937,,,0.617,1.188,6.0,full,6,35.0,,완주-재계약됨(일반슬롯),Y,N,33.087,3.604,1.276,0.3418803418803419,-1.0732944806838198,-25.666666666666664,0.6190476190476191,-0.4795730802618862,-26.666666666666664,1,1,,,,,,
닉 킹엄,2020,SK,N,Y,"STATIZ에는 '킹험'으로 등록. 신인지명 2020 SK와 일치, 2021-02-01 한화 이적 확인(한화 2021 항목을 재영입으로 제외한 판단과 일치)",STATIZ 확인,1,0,Nick Kingham,1991-11-08,statiz,R,United States,-0.23,10.2,2.0,6.75,4.87,1.88,5.06,3.38,N,,wiki_provisional,55.667,5.477,7.437,4.042,1.778,121.983,131.7,5.575,7.861,3.486,1.982,132.329,131.7,132.329,5.045,5.293,2.0,18.625,4.5,9.0,9.0,381.651,177.7,3.756,7.7,2.381,0.76,99.44,297.0,97.243,18.214,4.586,0.307,-0.515,2.0,full,6,2.0,2020-07-02,조기방출,Y,N,28.49,-0.287,0.057,0.7324561403508771,-0.3113518165376857,-20.333333333333336,0.0320855614973262,-3.439349147626532,-60.333333333333336,1,1,5.045,1.454,3.375,4.832,MLB,2019.0
리카르도 핀토,2020,SK,N,Y,STATIZ 신인지명 2020 SK와 일치,STATIZ 확인,1,0,Ricardo Pinto,1994-01-20,statiz,R,Venezuela,0.43,162.0,30.0,6.17,5.58,1.78,6.22,5.0,N,,wiki_provisional,2.333,11.357,0.0,7.714,3.857,258.319,32.0,6.724,7.031,5.344,2.25,151.824,32.0,151.824,10.251,6.274,104.667,5.602,8.255,3.955,1.548,115.741,219.7,4.889,7.375,3.524,1.188,109.682,219.7,109.682,5.978,5.727,0.127,-0.525,2.0,full,2,30.0,,완주-재계약안됨,N,,26.289,1.666,-1.236,0.0786516853932584,-2.542726220676826,-27.333333333333336,1.9263803680981595,0.655642785101491,50.333333333333336,1,1,10.251,3.333,4.669,5.805,MLB,2019.0
아리엘 미란다,2021,두산,N,Y,STATIZ 신인지명 2021 두산과 일치,STATIZ 확인,1,0,Ariel Miranda,1989-01-10,statiz,L,Cuba,6.73,173.2,28.0,2.33,2.42,1.14,11.66,3.26,Y,NPB Fukuoka SoftBank Hawks 2018-2019; CPBL Chinatrust Brothers 2020 (모두 KBO 입단 이전),wiki_provisional,5.0,3.56,9.0,7.2,0.0,85.308,223.0,5.554,7.507,3.43,1.978,130.078,223.0,130.078,,,45.333,4.495,7.941,4.765,0.596,99.354,146.0,4.047,7.829,3.39,0.863,105.109,146.0,105.109,,,0.604,0.188,3.0,full,4,28.0,,완주-재계약됨(일반슬롯),Y,N,32.227,2.905,3.825,0.03125,-3.4657359027997265,-155.0,0.4503311258278146,-0.7977721316388175,-55.333333333333336,1,1,,,,,,
워커 로켓,2021,두산,N,Y,STATIZ 신인지명 2021 두산과 일치,STATIZ 확인,1,0,Andrew Walker Lockett,1994-05-03,statiz,R,United States,3.93,124.0,21.0,2.98,3.34,1.4,8.13,3.05,N,,wiki_provisional,16.333,4.538,6.061,2.204,1.102,104.611,54.0,5.915,6.5,3.333,2.0,140.398,54.0,140.398,4.173,5.494,59.0,4.065,5.949,1.678,0.763,80.456,247.7,4.652,6.904,2.071,1.127,96.335,265.7,96.524,4.214,5.064,0.169,-0.375,3.0,full,5,21.0,,완주-재계약안됨,N,,26.919,3.157,0.773,0.7205882352941175,-0.3276874070654803,-6.333333333333336,0.4424999999999999,-0.815314814534153,-74.33333333333334,1,1,4.173,1.104,3.315,5.109,MLB,2020.0
앤드류 수아레즈,2021,LG,N,Y,STATIZ 활약연도 2021 LG와 일치,STATIZ 확인,1,0,Andrew Jose Suarez,1992-09-11,statiz,L,United States,4.23,115.1,22.0,2.18,2.66,1.14,9.83,3.2,N,,wiki_provisional,9.667,5.364,4.655,5.586,0.931,125.917,202.7,4.601,7.105,2.887,1.377,116.064,202.7,116.064,5.449,4.616,88.0,5.319,5.83,3.273,1.125,97.825,193.3,4.502,7.122,3.072,0.838,89.569,193.3,89.569,5.209,4.591,0.512,0.745,3.0,full,4,23.0,,완주-재계약안됨,N,,28.559,2.592,1.638,0.2959183673469387,-1.217671648684098,-23.0,5.279999999999999,1.66392609771817,71.33333333333333,1,1,5.449,0.968,2.89,4.604,MLB,2020.0
대니얼 멩덴,2021,KIA,N,Y,STATIZ 신인지명 2021 KIA와 일치,STATIZ 확인,1,0,Daniel Joseph Mengden,1993-02-19,statiz,R,United States,2.86,120.0,21.0,3.6,3.9,1.2,7.8,2.62,N,,wiki_provisional,12.333,5.624,7.297,5.108,1.459,130.773,187.7,4.751,5.947,2.877,1.295,112.12,302.7,108.485,5.549,4.648,64.0,4.547,8.578,2.812,1.125,77.76,150.3,4.319,8.082,2.694,0.898,87.75,225.7,85.985,4.31,4.404,0.573,2.457,5.0,full,4,21.0,,완주-재계약안됨,N,,28.118,2.671,0.189,0.2067039106145251,-1.5764678931965304,-47.33333333333333,1.4117647058823528,0.3448404862917294,18.666666666666664,1,1,5.549,1.463,2.815,4.217,MLB,2020.0
보 다카하시,2021,KIA,Y,Y,STATIZ 신인지명 2021 KIA와 일치,STATIZ 확인,1,0,Rodrigo Hitoshi Bo Takahashi,1997-01-23,statiz,R,Brazil,0.35,36.2,7.0,4.91,3.28,1.58,11.29,2.95,N,,wiki_provisional,,,,,,,,,,,,,,,,,,,,,,,,,,,,,,,,,,,0.0,none,0,7.0,,완주-재계약안됨,N,,24.192,0.057,0.293,,,,,,,0,0,,,,,,
앤더슨 프랑코,2021,롯데,N,Y,STATIZ 활약연도 2021 롯데와 일치,STATIZ 확인,1,0,Enderson Daniel Franco,1992-12-29,statiz,R,Venezuela,1.7,150.0,27.0,5.4,5.25,1.48,7.44,4.5,N,,wiki_provisional,5.333,4.714,6.75,1.688,1.688,111.692,5.3,4.714,6.75,1.688,1.688,111.692,5.3,111.692,4.814,4.814,113.0,5.912,7.805,2.867,1.911,108.718,127.7,5.671,7.755,2.961,1.762,107.646,127.7,107.646,5.918,5.787,0.04,-0.008,1.0,full,4,37.0,,완주-재계약안됨,N,,28.26,2.293,-0.593,,,,19.941176470588236,2.992786763324234,107.33333333333331,1,1,4.814,1.8,1.8,5.75,MLB,2019.0
라이언 카펜터,2021,한화,N,Y,STATIZ 활약연도 2021-2022 한화와 일치,STATIZ 확인,1,0,Ryan Nicholas Carpenter,1990-08-22,statiz,L,United States,2.74,170.0,30.0,3.97,3.91,1.31,9.48,3.81,Y,CPBL Rakuten Monkeys 2020 (KBO 입단 이전),wiki_provisional,40.667,6.927,5.533,2.877,2.656,150.762,63.0,7.1,5.714,2.429,2.857,158.086,63.0,158.086,5.937,6.031,77.0,4.833,8.883,3.039,1.286,102.998,309.3,4.251,9.019,2.502,1.106,93.275,378.0,99.336,4.945,4.704,0.143,-0.86,2.0,full,5,31.0,,완주-재계약됨(일반슬롯),Y,N,30.615,2.856,-0.116,1.8208955223880596,0.5993284253422905,18.333333333333332,1.0087336244541485,0.0086957069675539,0.6666666666666714,1,1,5.937,2.059,2.284,5.245,MLB,2019.0
웨스 파슨스,2021,NC,N,Y,"STATIZ 신인지명 2021 NC와 일치, 활약연도 2021-2022 전부 NC(위키 원문의 '퇴출' 표기는 오류로 최종 확정)",STATIZ 확인,1,0,Wes Parsons,1992-09-06,statiz,R,United States,3.81,133.0,24.0,3.72,3.51,1.29,10.02,4.26,N,,wiki_provisional,34.667,6.647,6.75,7.529,1.558,146.726,39.7,6.611,6.58,7.261,1.588,148.216,39.7,148.216,6.208,6.252,56.667,3.272,8.576,3.335,0.159,68.092,153.0,3.467,8.235,3.059,0.471,84.364,153.0,84.364,3.327,4.033,0.206,-0.795,2.0,full,4,24.0,,완주-재계약됨(일반슬롯),Y,N,28.572,2.966,0.844,6.933333333333333,1.9363406980391624,29.666666666666664,0.6439393939393939,-0.4401506660960544,-31.333333333333336,1,1,6.208,1.347,7.559,4.488,MLB,2019.0
윌머 폰트,2021,SSG,N,Y,STATIZ 신인지명 2021 SK(→SSG)와 일치,STATIZ 확인,1,0,Wilmer Font Gomez,1990-05-24,statiz,R,Venezuela,3.5,145.2,25.0,3.46,3.12,1.09,9.7,2.78,N,,wiki_provisional,16.333,4.783,8.265,4.959,1.102,108.074,144.7,5.186,9.083,3.359,1.929,120.97,151.7,126.283,4.725,4.983,134.333,2.984,11.926,2.345,0.737,63.452,173.7,3.083,10.987,2.591,0.622,68.732,173.7,68.732,3.356,3.367,0.466,-0.059,6.0,full,5,25.0,,완주-재계약됨(일반슬롯),Y,N,30.861,3.153,0.347,0.1936758893280632,-1.6415691906168937,-68.0,6.948275862068966,1.9384935514002637,115.0,1,1,4.725,1.104,3.329,4.228,MLB,2020.0
아티 르위키,2021,SSG,N,Y,STATIZ 신인지명 2021 SK/SSG와 일치,STATIZ 확인,1,0,Artie Michael Lewicki,1992-04-08,statiz,R,United States,0.4,14.1,4.0,3.77,4.29,1.19,5.65,1.26,N,,wiki_provisional,3.333,1.091,13.5,2.7,0.0,25.501,52.3,3.984,7.051,3.268,0.86,91.833,52.3,91.833,1.07,3.819,61.667,3.43,8.027,2.335,0.73,93.002,92.7,3.227,8.547,2.234,0.68,86.635,92.7,86.635,4.533,4.296,0.361,0.524,3.0,full,3,4.0,2021-06-05,조기방출,N,,28.986,2.953,-2.553,0.0862068965517241,-2.451005098112319,-35.33333333333333,1.989247311827957,0.6877563319250689,30.666666666666664,1,1,1.07,0.0,3.308,4.12,MLB,2020.0
샘 가빌리오,2021,SSG,Y,Y,STATIZ 신인지명 2021 SSG와 일치,STATIZ 확인,1,0,Samuel Joseph Gaviglio,1990-05-22,statiz,R,United States,0.67,81.1,15.0,5.86,3.97,1.45,7.75,3.32,N,,wiki_provisional,3.0,7.525,3.0,15.0,0.0,170.35,222.3,4.704,7.853,2.631,1.579,106.51,296.7,113.615,7.131,4.211,29.0,3.643,9.0,1.241,1.241,94.373,164.0,3.939,7.463,1.646,0.878,88.852,265.7,101.581,4.696,4.391,0.528,0.563,4.0,full,4,15.0,,완주-재계약안됨,N,,30.867,2.921,-2.251,0.0313588850174216,-3.462257638423402,-92.66666666666669,0.4027777777777778,-0.9093702890295812,-43.0,1,1,7.131,0.0,2.565,4.731,MLB,2020.0
조시 스미스,2021,키움,N,Y,STATIZ 활약연도 2021 키움과 일치,STATIZ 확인,1,0,Joshua Allen Smith,1987-08-07,statiz,R,United States,0.0,10.0,2.0,6.3,5.26,1.4,4.5,4.5,N,,wiki_provisional,26.333,4.672,6.152,3.76,1.025,107.014,92.3,5.114,7.018,3.314,1.56,115.879,184.7,123.489,4.502,4.717,67.333,4.308,9.356,2.673,1.203,87.656,153.7,4.057,8.902,2.577,1.054,92.948,399.0,90.814,4.715,4.365,0.316,-0.865,5.0,full,5,2.0,2021-04-15,조기방출,N,,33.656,3.047,-3.047,0.8494623655913978,-0.1631516406862345,-4.666666666666668,1.629032258064516,0.4879861317961678,25.999999999999993,1,1,4.502,1.011,3.113,4.573,MLB,2020.0
로버트 스탁,2022,두산,N,Y,STATIZ 신인지명 2022 두산과 일치,STATIZ 확인,1,0,Robert Anthony Stock,1989-11-21,statiz,R,United States,2.07,165.0,29.0,3.6,4.09,1.48,7.53,4.53,N,,wiki_provisional,9.0,8.837,9.0,9.0,3.0,211.631,33.0,5.496,10.364,7.364,1.364,127.764,72.7,94.538,8.503,5.389,28.333,6.056,12.706,6.035,1.906,107.866,56.7,5.042,10.641,4.765,1.271,96.395,56.7,96.395,5.015,4.925,0.562,0.399,4.0,full,4,29.0,,완주-재계약안됨,N,,32.361,1.833,0.237,0.6749999999999999,-0.3930425881096073,-4.333333333333334,1.0,0.0,0.0,1,1,8.503,3.0,7.211,4.453,MLB,2021.0
브랜던 워델,2022,두산,Y,Y,"STATIZ에는 '브랜든'(이름, 성 아님)으로 등록. 활약연도 2022-2024 두산과 일치. 뉴스 확인 결과 2022-07-13 아리엘 미란다 부상 대체 영입이었음 — 대체영입여부 N에서 Y로 정정",STATIZ 확인 + 뉴스,1,0,Brandon David Waddell,1994-06-03,statiz,L,United States,1.29,65.0,11.0,3.6,4.35,1.23,5.54,3.32,N,,wiki_provisional,9.333,7.349,6.75,8.679,1.929,172.473,12.7,6.413,6.395,7.816,1.421,149.354,12.7,149.354,7.232,6.354,61.0,5.674,10.18,5.902,1.623,121.359,142.7,4.565,8.138,4.794,0.883,110.554,142.7,110.554,3.739,5.377,0.082,-0.23,2.0,full,4,11.0,,완주-재계약됨(일반슬롯),Y,N,27.83,1.834,-0.544,,,,0.746938775510204,-0.2917720577033061,-20.66666666666667,1,1,7.232,1.875,7.674,5.453,MLB,2021.0
앨버트 수아레즈,2022,삼성,N,Y,STATIZ 활약연도 2022-2023 삼성과 일치,STATIZ 확인,1,0,Albert Joe Suárez,1989-10-08,statiz,R,Venezuela,5.54,173.2,29.0,2.49,2.94,1.16,8.24,2.59,Y,NPB Tokyo Yakult Swallows 2019-2021 (KBO 입단 이전),wiki_provisional,31.667,3.789,9.663,3.126,1.137,92.925,115.7,4.403,6.847,2.879,1.167,111.548,115.7,111.548,3.668,4.136,63.333,5.387,7.247,4.689,1.137,115.352,112.0,4.654,7.634,3.777,0.884,102.041,112.0,102.041,6.095,5.039,0.508,0.109,2.0,full,5,30.0,,완주-재계약됨(일반슬롯),Y,N,32.482,2.756,2.784,0.376984126984127,-0.9755521959108824,-52.33333333333333,,,,1,1,6.095,1.77,4.529,4.571,AAA,2018.0
로니 윌리엄스,2022,KIA,N,Y,STATIZ에는 '로니'로 등록. 2022 KIA 신인지명과 일치,STATIZ 확인,1,0,Ronnie Ellis Williams,1996-01-06,statiz,R,United States,-0.12,44.1,9.0,5.89,6.03,1.69,6.5,5.68,N,,wiki_provisional,,,,,,,,,,,,,,,,,,,,,,,,,,,,,,,6.237,6.237,,,0.0,none,0,10.0,2022-06-28,조기방출,N,,26.237,0.121,-0.241,,,,,,,0,0,6.237,1.2,6.0,6.237,AAA,2021.0
션 놀린,2022,KIA,N,Y,"STATIZ 신인지명 2022 KIA와 일치, G=21",STATIZ 확인,1,0,Sean Patrick Nolin,1989-12-26,statiz,L,United States,4.11,124.0,21.0,2.47,3.05,1.12,7.84,1.74,Y,NPB Saitama Seibu Lions 2020 (KBO 입단 이전),wiki_provisional,26.667,5.308,6.75,4.387,1.35,123.716,56.7,5.41,5.559,3.971,1.429,131.698,58.0,137.222,5.261,5.303,47.333,4.165,9.887,2.852,1.331,92.815,174.0,4.797,8.483,3.103,1.293,101.253,279.0,100.062,5.139,5.111,0.172,-0.061,4.0,full,5,21.0,,완주-재계약안됨,N,,32.266,2.787,1.323,0.9195402298850576,-0.0838814839807021,-2.333333333333332,0.596638655462185,-0.5164436160702138,-31.999999999999993,1,1,5.261,1.369,4.219,5.04,MLB,2021.0
토마스 파노니,2022,KIA,Y,Y,"STATIZ 신인지명 2022 KIA와 일치(대체영입 사유는 STATIZ 미표기, 뉴스로 확인됨)",STATIZ 확인,1,0,Thomas Edward Pannone Jr,1994-04-28,statiz,L,United States,2.44,82.2,14.0,2.72,3.27,1.23,7.95,2.61,N,,wiki_provisional,73.0,5.159,8.507,3.822,1.603,111.507,116.0,5.142,7.603,3.569,1.552,114.53,116.0,114.53,4.654,4.748,118.333,6.248,6.237,3.042,1.825,116.687,188.7,5.579,7.776,2.958,1.717,112.091,188.7,112.091,5.889,5.847,0.381,0.181,2.0,full,4,14.0,,완주-재계약됨(일반슬롯),Y,N,27.929,2.306,0.134,1.697674418604651,0.5292593254548287,30.0,3.514851485148515,1.2569972726341565,84.66666666666666,1,1,5.889,1.636,3.68,5.42,AAA,2021.0
찰리 반스,2022,롯데,N,Y,STATIZ에는 '반즈'로 등록. 활약연도 2022-2025 롯데와 일치,STATIZ 확인,1,0,Charlie Barnes,1995-10-01,statiz,L,United States,4.46,186.1,31.0,3.62,3.21,1.2,7.73,2.27,N,,wiki_provisional,38.0,5.065,4.737,3.789,0.947,119.664,38.0,5.065,4.737,3.789,0.947,119.664,38.0,119.664,4.512,4.512,76.0,4.113,7.342,2.842,0.829,88.024,94.7,4.164,7.415,3.327,0.761,88.413,94.7,88.413,4.676,4.618,0.286,0.147,1.0,full,4,31.0,,완주-재계약됨(일반슬롯),Y,N,26.502,2.597,1.863,,,,4.071428571428571,1.4039939382192914,57.33333333333333,1,1,4.512,0.711,3.789,4.587,MLB,2021.0
글렌 스파크맨,2022,롯데,N,Y,STATIZ 신인지명 2022 롯데와 일치,STATIZ 확인,1,0,Glenn Sparkman,1992-05-11,statiz,R,United States,0.71,84.2,19.0,5.31,3.68,1.65,9.46,4.57,Y,NPB Orix Buffaloes 2021 (KBO 입단 이전),wiki_provisional,5.0,2.991,3.6,1.8,0.0,67.905,179.3,5.438,5.52,2.861,1.656,122.266,180.3,122.106,3.025,4.878,3.0,3.696,18.0,0.0,3.0,79.106,76.7,4.595,6.809,1.409,1.291,97.324,84.7,99.021,4.281,5.318,0.68,-0.101,4.0,full,3,19.0,2022-07-31,조기방출,N,,29.892,2.147,-1.437,0.0367647058823529,-3.3032169733019514,-131.0,0.4736842105263158,-0.747214401830221,-3.333333333333333,1,1,4.281,3.333,1.962,5.042,AAA,2021.0
예프리 라미레즈,2022,한화,Y,Y,STATIZ 활약연도 2022 한화와 일치,STATIZ 확인,1,0,Yefry Ramírez Alcala,1993-11-28,statiz,R,Dominican Republic,1.13,65.1,13.0,4.13,4.8,1.36,6.47,5.1,N,,wiki_provisional,2.0,2.67,9.0,4.5,0.0,61.727,91.7,5.313,8.935,5.204,1.473,118.728,91.7,118.728,2.582,4.786,113.0,5.047,9.159,4.062,1.115,95.582,185.0,4.515,9.097,3.551,1.022,96.84,185.0,96.84,4.951,4.855,0.331,0.178,3.0,full,3,13.0,,완주-재계약안됨,N,,28.342,2.366,-1.236,0.0821917808219178,-2.498699971920336,-22.333333333333332,1.5694444444444444,0.4507216996962852,41.0,1,1,2.582,0.0,5.091,4.836,MLB,2021.0
펠릭스 페냐,2022,한화,Y,Y,STATIZ 활약연도 2022-2024 한화와 일치,STATIZ 확인,1,0,Félix Ricardo Peña,1990-02-25,statiz,R,Dominican Republic,1.31,67.2,13.0,3.72,3.39,1.37,9.58,3.99,N,,wiki_provisional,1.667,7.97,10.8,21.6,0.0,180.723,124.7,4.243,9.529,3.321,1.299,91.103,260.7,97.038,7.17,3.887,68.333,6.186,7.771,3.556,1.844,115.532,140.7,5.301,9.149,3.647,1.408,105.964,204.0,95.888,5.941,5.317,0.561,2.603,6.0,full,4,13.0,,완주-재계약됨(일반슬롯),Y,N,32.099,2.168,-0.858,0.0624999999999999,-2.772588722239781,-25.0,2.05,0.7178397931503168,34.99999999999999,1,1,7.17,0.0,3.297,4.29,MLB,2021.0
맷 더모디,2022,NC,Y,Y,STATIZ 신인지명 2022 NC와 일치,STATIZ 확인,1,0,Matt Dermody,1990-07-04,statiz,L,United States,0.13,39.2,8.0,4.54,3.92,1.39,8.39,2.95,Y,NPB Saitama Seibu Lions 2021 (KBO 입단 이전),wiki_provisional,1.0,1.191,9.0,0.0,0.0,27.535,26.3,5.93,7.177,1.709,2.392,134.015,26.3,134.015,1.191,5.454,23.0,4.407,9.0,1.174,1.565,90.314,71.0,4.191,8.62,2.282,1.268,98.874,87.3,97.54,4.866,5.28,0.232,-0.317,3.0,full,2,8.0,,완주-재계약안됨,N,,31.745,2.47,-2.34,0.044776119402985,-3.106080330722856,-21.333333333333332,4.6,1.5260563034950492,18.0,1,1,1.191,0.0,1.667,5.219,MLB,2020.0
웨스 벤자민,2022,kt,N,Y,STATIZ 활약연도 2022 kt 시작으로 일치,STATIZ 확인,1,0,Wes Benjamin,1993-07-26,statiz,L,United States,3.1,96.2,17.0,2.7,4.04,1.02,7.17,2.23,N,,wiki_provisional,22.667,7.185,7.544,6.75,2.382,164.476,45.0,5.892,8.0,4.8,2.0,133.132,45.0,133.132,7.127,5.85,46.667,5.411,8.1,4.821,1.157,103.107,182.0,5.579,7.714,3.857,1.484,104.905,182.0,104.905,5.654,5.665,0.198,-0.378,2.0,full,5,17.0,,완주-재계약됨(일반슬롯),Y,N,28.684,2.497,0.603,1.0149253731343284,0.0148150857851406,0.3333333333333357,0.3448275862068965,-1.0647107369924285,-88.66666666666669,1,1,7.127,2.348,4.726,5.702,MLB,2021.0
이반 노바,2022,SSG,N,Y,STATIZ 신인지명 2022 SSG와 일치,STATIZ 확인,1,0,Iván Nova,1987-01-12,statiz,R,Dominican Republic,-0.37,63.2,12.0,6.5,4.92,1.62,4.52,3.53,N,,wiki_provisional,19.0,6.402,4.263,4.263,1.895,146.27,367.0,4.873,5.812,2.232,1.471,111.107,1347.7,103.986,6.241,4.659,11.0,4.157,5.727,2.455,0.818,116.301,44.7,3.451,8.463,1.813,1.007,92.568,256.7,95.823,5.608,4.702,0.84,13.3,11.0,full,4,12.0,2022-07-12,조기방출,N,,35.22,3.235,-3.605,0.1016042780748663,-2.286669637688146,-168.0,0.6226415094339622,-0.4737843520856416,-6.666666666666668,1,1,6.241,1.8,2.242,4.228,MLB,2020.0
숀 모리만도,2022,SSG,Y,Y,STATIZ 신인지명 2022 SSG와 일치,STATIZ 확인,1,0,Shawn Morimando,1992-11-20,statiz,L,United States,3.09,75.1,12.0,1.67,2.99,1.06,8.0,2.75,Y,CPBL CTBC Brothers 2021-2022 (KBO 입단 이전),wiki_provisional,10.333,5.396,7.839,4.355,1.742,129.401,15.0,6.763,8.4,6.0,2.4,160.747,15.0,160.747,5.32,6.539,89.667,5.013,8.632,3.112,1.706,114.626,319.3,4.958,8.173,3.41,1.466,112.818,378.3,110.989,6.064,6.055,0.038,-0.244,2.0,full,4,12.0,,완주-재계약안됨,N,,29.363,2.264,0.826,,,,1.274881516587678,0.2428532461257727,19.333333333333343,1,1,5.32,1.682,5.844,5.96,MLB,2021.0
타일러 애플러,2022,키움,N,Y,STATIZ 신인지명 2022 키움과 일치(G=33); 타 팀 이력 없음,STATIZ 확인,1,0,Tyler Austin Eppler,1993-01-05,statiz,R,United States,2.14,140.1,25.0,4.3,4.37,1.51,5.52,2.57,Y,NPB Orix Buffaloes 2019 (KBO 입단 이전),wiki_provisional,,,,,,,,,,,,,,,,,72.0,6.918,6.0,3.75,2.375,154.153,361.3,4.841,6.526,2.541,1.37,123.953,361.3,123.953,7.773,6.179,,,0.0,none,0,33.0,,완주-재계약안됨,N,,29.238,0.848,1.292,,,,0.4705882352941176,-0.7537718023763802,-81.0,0,1,7.773,2.857,3.095,6.179,AAA,2021.0
딜런 파일,2023,두산,N,Y,STATIZ에는 '딜런'으로 등록. 신인지명 2023 두산과 일치,STATIZ 확인,1,0,Dylan Michael File,1996-06-04,statiz,R,United States,-0.05,9.0,2.0,8.0,7.66,1.67,2.0,5.0,N,,wiki_provisional,,,,,,,,,,,,,,,,,114.333,4.347,7.478,2.676,1.023,96.86,157.0,4.449,7.51,2.637,1.146,99.909,157.0,99.909,4.842,5.023,,,0.0,none,0,2.0,2023-06-08,조기방출,N,,26.823,1.333,-1.383,,,,2.6796875,0.9857001832463228,71.66666666666666,0,1,4.842,1.317,3.315,5.023,AAA,2022.0
테일러 와이드너,2023,NC,N,Y,"STATIZ로 충돌 해결: 신인지명 '23 NC 자유선발', 2023-08-10 NC→삼성 트레이드. NC가 정답 확정(삼성은 시즌 중 이적처일 뿐 별도 신규 아님)",STATIZ 확인,1,0,Taylor Browning Widener,1994-10-24,statiz,R,United States,1.53,115.0,20.0,4.54,3.66,1.32,7.75,3.13,N,,wiki_provisional,17.333,4.382,7.269,2.596,1.038,113.224,107.7,5.542,9.111,4.514,1.755,134.465,107.7,134.465,3.847,5.101,36.667,4.046,11.536,2.945,1.227,72.62,141.3,5.472,10.316,3.439,1.91,98.413,141.3,98.413,4.289,5.462,0.433,-0.516,3.0,full,4,21.0,2023-08-04,조기방출,N,,28.435,2.473,-0.943,0.2464454976303317,-1.4006144148946391,-53.0,,,,1,1,3.847,1.017,4.175,5.302,MLB,2022.0
아도니스 메디나,2023,KIA,N,Y,"STATIZ 신인지명 2023 KIA와 일치, G=12",STATIZ 확인,1,0,Adonis Medina,1996-12-18,statiz,R,Dominican Republic,0.06,58.0,12.0,6.05,5.56,1.6,5.59,4.5,N,,wiki_provisional,23.667,4.042,6.465,2.282,0.761,101.848,35.3,4.04,6.877,3.311,0.509,98.495,35.3,98.495,3.517,3.494,31.0,5.088,9.581,4.935,1.161,104.349,98.7,4.928,8.027,3.922,1.277,107.978,98.7,107.978,5.435,5.563,0.263,0.218,3.0,full,5,12.0,2023-07-04,조기방출,N,,26.283,2.51,-2.45,3.0869565217391304,1.1271856611121658,16.0,0.458128078817734,-0.7806064858885314,-36.66666666666667,1,1,3.517,0.729,3.25,5.008,MLB,2022.0
숀 앤더슨,2023,KIA,N,Y,STATIZ 활약연도 2023 KIA와 일치,STATIZ 확인,1,0,Shaun Anderson,1994-10-29,statiz,R,United States,1.33,79.0,14.0,3.76,3.83,1.29,7.29,2.96,N,,wiki_provisional,1.0,3.112,0.0,0.0,0.0,78.599,39.7,5.572,8.395,5.445,1.588,128.186,135.7,117.395,3.112,5.346,88.0,4.564,7.773,3.273,1.125,100.716,173.7,4.339,7.825,2.902,0.985,92.7,173.7,92.7,5.218,4.59,0.439,0.452,4.0,full,3,14.0,2023-07-06,조기방출,N,,28.422,2.521,-1.191,0.0428571428571428,-3.14988295338125,-22.333333333333332,2.2956521739130435,0.8310169747830661,49.666666666666664,1,1,3.112,0.0,4.882,4.71,MLB,2022.0
마리오 산체스,2023,KIA,N,Y,STATIZ 활약연도 2023 KIA와 일치,STATIZ 확인,1,0,Mario Sanchez,1994-10-31,statiz,R,Venezuela,0.13,63.2,11.0,5.94,3.77,1.48,8.34,2.12,Y,CPBL Uni-President 7-Eleven Lions 2023 (KBO 입단 이전),wiki_provisional,,,,,,,,,,,,,,,,,91.333,4.635,6.898,2.562,1.182,96.575,113.3,4.847,6.75,2.7,1.271,98.824,113.3,98.824,5.38,5.463,,,0.0,none,0,12.0,,완주-재계약안됨,N,,28.416,1.297,-1.167,,,,10.96,2.3942522815198695,83.0,0,1,5.38,1.649,3.376,5.463,AAA,2022.0
애런 윌커슨,2023,롯데,N,Y,STATIZ 신인지명 2023 롯데와 일치(계약/팀이동 이력에 2023년 한 건만 존재),STATIZ 확인,1,0,Aaron Wilkerson,1989-05-24,statiz,R,United States,2.6,79.2,13.0,2.26,2.61,1.09,9.15,2.26,Y,NPB Hanshin Tigers 2022 (KBO 입단 이전),wiki_provisional,16.0,6.777,6.188,5.062,2.25,152.779,35.3,6.099,7.132,3.311,2.292,142.416,35.3,142.416,,,112.0,3.843,10.045,1.929,0.964,72.776,260.7,4.006,9.219,2.693,0.863,77.476,260.7,77.476,,,0.119,-0.151,3.0,full,4,13.0,,완주-재계약됨(일반슬롯),Y,N,33.854,2.876,-0.276,1.7777777777777777,0.5753641449035618,7.0,1.467248908296943,0.3833891564089646,35.66666666666667,1,1,,,,,,
버치 스미스,2023,한화,N,Y,"STATIZ 신인지명 2023 한화와 일치, G=1(2.2이닝)",STATIZ 확인,1,0,Burch Taylor Smith,1990-04-12,statiz,R,United States,0.09,2.2,1.0,6.75,3.14,1.12,6.75,0.0,Y,NPB Saitama Seibu Lions 2022 (KBO 입단 이전),wiki_provisional,43.333,4.208,5.815,2.285,1.038,101.108,76.7,4.216,7.161,3.052,1.057,99.158,191.0,120.673,3.92,4.048,5.333,10.87,11.812,6.75,5.062,189.557,27.0,6.193,9.667,4.333,2.333,131.545,88.0,89.611,11.472,4.468,0.685,-0.39,5.0,full,5,1.0,2023-04-30,조기방출,N,,32.969,0.912,-0.822,3.611111111111111,1.2840155119994725,31.333333333333336,0.326530612244898,-1.119231575870845,-11.0,1,1,3.92,0.818,2.966,4.572,MLB,2021.0
리카르도 산체스,2023,한화,Y,Y,STATIZ 활약연도 2023-2024 한화와 일치,STATIZ 확인,1,0,Ricardo Jose Sánchez,1997-04-11,statiz,L,Venezuela,2.2,126.0,24.0,3.79,3.92,1.3,7.07,2.0,N,,wiki_provisional,5.333,7.504,6.75,8.438,1.688,172.35,5.3,7.504,6.75,8.438,1.688,172.35,5.3,172.35,6.965,6.965,,,,,,,,,,,,,,,4.99,4.99,,-0.109,1.0,full,5,24.0,,완주-재계약됨(일반슬롯),Y,N,25.971,1.573,0.627,,,,,,,1,0,4.99,1.342,3.868,5.077,AAA,2022.0
에릭 페디,2023,NC,N,Y,STATIZ 신인지명 2023 NC와 일치 (정규시즌 MVP),STATIZ 확인,1,0,Erick James Fedde,1993-02-25,statiz,R,United States,7.63,180.1,30.0,2.0,2.22,0.95,10.43,1.75,N,,wiki_provisional,127.0,5.152,6.661,4.11,1.488,127.904,310.7,5.104,7.242,3.708,1.564,120.832,454.3,121.255,5.195,4.938,4.0,2.258,9.0,2.25,0.0,48.968,81.3,3.534,9.295,2.545,0.885,82.377,115.3,84.526,2.362,4.431,0.798,1.397,6.0,full,5,30.0,,완주-재계약안됨,N,,30.094,3.45,4.18,0.9525,-0.0486651719812811,-6.333333333333343,0.4,-0.916290731874155,-6.0,1,1,5.195,1.48,3.562,4.892,MLB,2022.0
태너 털리,2023,NC,Y,Y,STATIZ에는 '태너'로 등록. 신인지명 2023 NC와 일치,STATIZ 확인,1,0,Tanner Paul Tully,1994-11-30,statiz,L,United States,1.81,64.2,11.0,2.92,3.81,1.1,6.54,1.81,N,,wiki_provisional,6.0,7.612,3.0,9.0,1.5,196.964,6.0,7.612,3.0,9.0,1.5,196.964,6.0,196.964,8.207,8.207,122.0,3.942,7.23,1.918,0.885,84.858,175.7,3.969,7.429,2.152,0.922,85.24,182.7,84.634,4.511,4.54,0.032,-0.138,1.0,full,4,11.0,,완주-재계약안됨,N,,28.334,2.836,-1.026,,,,3.128205128205128,1.1404593986036102,83.0,1,1,8.207,1.698,10.189,4.587,MLB,2022.0
보 슐서,2023,kt,N,Y,STATIZ 신인지명 2023 kt와 일치,STATIZ 확인,1,0,Beau Grayson Sulser,1994-05-05,statiz,R,United States,0.35,49.2,9.0,5.62,4.34,1.61,6.34,2.54,N,,wiki_provisional,22.333,4.5,7.657,3.627,1.209,113.848,22.3,4.5,7.657,3.627,1.209,113.848,22.3,113.848,4.362,4.362,122.667,5.319,7.484,3.889,1.541,119.446,122.7,5.319,7.484,3.889,1.541,119.446,122.7,119.446,4.023,5.479,0.154,-0.035,1.0,full,4,9.0,2023-06-09,조기방출,N,,28.906,2.237,-1.887,,,,,,,1,1,4.362,1.205,3.616,5.353,MLB,2022.0
커크 맥카티,2023,SSG,N,Y,STATIZ 신인지명 2023 SSG와 일치,STATIZ 확인,1,0,Kirkland Kirk McCarty,1995-10-12,statiz,L,United States,2.87,130.0,24.0,3.39,3.63,1.3,8.03,3.12,N,,wiki_provisional,37.667,6.643,6.212,3.106,2.628,171.688,37.7,6.643,6.212,3.106,2.628,171.688,37.7,171.688,7.162,7.162,124.0,5.443,7.548,3.194,1.815,120.043,124.0,5.443,7.548,3.194,1.815,120.043,124.0,120.043,6.467,6.417,0.233,-0.824,1.0,full,5,24.0,,완주-재계약안됨,N,,27.469,2.352,0.518,,,,,,,1,1,7.162,2.975,3.719,6.54,MLB,2022.0
로에니스 엘리아스,2023,SSG,Y,Y,"STATIZ 신인지명 2023 SSG와 일치, 활약연도 2023-2024",STATIZ 확인,1,0,Roenis Elías,1988-08-01,statiz,L,Cuba,2.92,131.1,21.0,3.7,4.09,1.32,6.37,2.26,N,,wiki_provisional,7.667,4.417,7.043,3.522,1.174,116.287,108.7,4.093,7.206,3.064,0.994,95.163,395.7,107.734,,,65.0,4.64,7.615,2.631,1.108,85.284,224.0,4.51,7.754,3.415,1.085,109.136,290.3,109.625,,,0.577,2.283,7.0,full,4,22.0,,완주-재계약됨(일반슬롯),Y,N,34.664,2.734,0.186,0.1533333333333333,-1.8751410781671056,-42.333333333333336,1.911764705882353,0.6480267452794758,31.0,1,1,,,,,,
아리엘 후라도,2023,키움,N,Y,"STATIZ 신인지명 2023 키움과 일치, 2025-01-01 삼성 트레이드 확인(삼성 2025 항목을 재영입으로 제외한 판단과 일치)",STATIZ 확인,1,0,Ariel Bolívar Jurado Agrazal,1996-01-30,statiz,R,Panama,5.88,183.2,30.0,2.65,3.15,1.12,7.2,2.01,N,,wiki_provisional,4.0,5.441,4.5,0.0,2.25,125.31,181.0,5.081,5.221,2.685,1.442,109.359,181.0,109.359,5.284,4.673,53.333,4.295,7.425,2.025,1.181,89.487,76.0,3.857,7.816,1.658,0.947,78.577,76.0,78.577,5.006,4.271,0.704,1.311,3.0,full,4,30.0,,완주-재계약됨(일반슬롯),Y,N,27.168,2.893,2.987,0.0326975476839237,-3.42045519826657,-118.33333333333331,2.3529411764705883,0.8556661100577203,30.666666666666668,1,1,5.006,1.598,2.228,4.56,AAA,2022.0
이안 맥키니,2023,키움,Y,Y,STATIZ 신인지명 2023 키움과 일치,STATIZ 확인,1,0,Ian McKinney,1994-11-18,statiz,L,,-0.27,59.1,12.0,6.52,6.14,1.63,5.92,5.46,,,,,,,,,,,,,,,,,,,,22.333,8.736,3.224,6.851,2.015,160.57,76.0,7.094,6.632,5.329,1.776,132.112,76.0,132.112,8.449,7.066,,,0.0,none,0,12.0,,완주-재계약안됨,N,,28.367,0.25,-0.52,,,,0.4161490683229814,-0.876711745593497,-31.333333333333332,0,1,8.449,2.422,6.236,7.066,AAA,2022.0
시라카와 케이쇼,2024,SSG,Y,Y,"STATIZ로 충돌 해결: 신인지명 '24 SSG 부상 대체 선수', 2024-07-10 SSG→두산 트레이드. SSG가 정답 확정(두산 표기는 조사 오류였음)",STATIZ 확인,1,0,Keisho Shirakawa,2001-06-04,statiz,R,Japan,0.6,57.1,12.0,5.65,5.48,1.6,7.22,5.18,Y,시코쿠 아일랜드리그 플러스(독립리그) Tokushima Indigo Socks 2020 (KBO 입단 이전) — 단 NPB 자체 경력은 없음(위키에 'KBO 일본인 선수 중 유일하게 NPB 미경력자'로 명시),wiki_provisional,,,,,,,,,,,,,,,,,,,,,,,,,,,,,,,,,,,,none,0,12.0,2024-07-03,조기방출,N,,22.801,0.013,0.587,,,,,,,0,0,,,,,,
조던 발라조빅,2024,두산,N,Y,STATIZ 신인지명 2024 두산과 일치,STATIZ 확인,1,0,Jordan Balazovic,1998-09-17,statiz,R,Canada,1.25,57.0,11.0,4.26,3.31,1.44,10.89,4.42,N,,wiki_provisional,24.333,6.008,6.288,4.438,1.849,140.28,24.3,6.008,6.288,4.438,1.849,140.28,24.3,140.28,6.012,6.012,45.667,4.799,10.642,6.307,0.985,89.625,116.3,5.897,10.057,5.183,1.934,118.796,116.3,118.796,4.443,6.313,0.173,-0.37,1.0,full,4,12.0,,완주-재계약안됨,N,,25.514,1.98,-0.73,,,,0.6462264150943395,-0.4366053488438877,-25.000000000000007,1,1,6.012,1.852,4.444,6.26,MLB,2023.0
코너 시볼드,2024,삼성,N,Y,STATIZ에는 '코너'로 등록. 신인지명 2024 삼성과 일치,STATIZ 확인,1,0,Connor Seabold,1996-01-24,statiz,R,United States,5.27,160.0,28.0,3.43,4.5,1.09,8.89,2.25,N,,wiki_provisional,87.333,5.751,6.905,2.885,1.958,124.786,108.7,5.962,7.123,3.147,2.071,133.646,108.7,133.646,4.674,5.026,31.333,3.95,10.34,2.298,0.862,67.106,172.0,3.758,9.262,2.407,0.837,78.395,172.0,78.395,3.194,3.897,0.387,-0.474,3.0,full,5,28.0,,완주-재계약안됨,N,,28.162,3.03,2.24,4.763636363636364,1.5610113185286258,69.0,0.3615384615384615,-1.0173868487455238,-55.33333333333334,1,1,4.674,1.441,2.903,4.349,MLB,2023.0
데니 레예스,2024,삼성,N,Y,"STATIZ 신인지명 2024 삼성과 일치, G=26 (실전출전 확정); 2025년까지 재계약 활동",STATIZ 확인,1,0,Denyi Reyes,1996-11-02,statiz,R,Dominican Republic,4.47,144.0,26.0,3.81,4.31,1.31,7.12,1.88,N,,wiki_provisional,19.667,4.882,7.78,3.661,1.373,112.172,27.3,4.276,6.585,2.963,0.988,100.042,27.3,100.042,4.605,4.082,91.667,6.583,7.069,3.24,2.356,121.685,145.7,6.068,7.785,2.533,2.286,119.17,145.7,119.17,6.234,6.184,0.158,0.23,2.0,full,5,26.0,,완주-재계약됨(일반슬롯),Y,N,27.387,2.363,2.107,2.5652173913043477,0.9420432279765696,12.0,1.6975308641975309,0.5291747624341873,37.66666666666667,1,1,4.605,1.35,2.924,5.855,MLB,2023.0
디트릭 엔스,2024,LG,N,Y,STATIZ 신인지명 2024 LG와 일치,STATIZ 확인,1,0,Dietrich Arthur Enns,1991-05-16,statiz,L,United States,3.77,167.2,30.0,4.19,4.1,1.31,8.43,2.68,Y,NPB Saitama Seibu Lions 2022-2023 (KBO 입단 이전),wiki_provisional,22.333,2.319,10.075,2.418,0.403,56.799,26.3,3.396,9.228,2.392,1.025,80.56,26.3,80.56,2.397,3.467,71.667,3.097,11.302,2.26,1.005,67.495,277.0,5.516,7.798,3.379,1.722,111.731,342.0,108.887,3.967,6.024,0.071,0.45,2.0,full,4,30.0,,완주-재계약안됨,N,,32.854,2.803,0.967,,,,0.5231143552311436,-0.6479551863685717,-65.33333333333333,1,1,2.397,0.409,2.36,5.403,MLB,2021.0
엘리에이저 에르난데스,2024,LG,N,Y,STATIZ 활약연도 2024-2025 LG와 일치,STATIZ 확인,1,0,Elieser Hernández,1995-05-03,statiz,R,Venezuela,1.39,47.0,9.0,4.02,3.8,1.21,10.53,3.06,N,,wiki_provisional,62.333,6.401,8.663,3.176,2.743,159.376,139.7,5.561,9.473,2.642,2.384,135.228,287.7,133.606,6.159,5.218,2.0,12.573,9.0,13.5,4.5,232.383,80.3,3.807,11.427,2.577,1.344,83.969,131.0,69.953,9.777,4.607,0.687,-0.651,5.0,full,4,11.0,,완주-재계약됨(일반슬롯),Y,N,28.89,1.234,0.156,1.206451612903226,0.18768349993534,10.666666666666671,0.0350877192982456,-3.349904087274605,-55.0,1,1,9.777,3.913,3.055,4.717,AAA,2023.0
윌 크로우,2024,KIA,N,Y,STATIZ 신인지명 2024 KIA와 일치,STATIZ 확인,1,0,William Chandler Crowe,1994-09-09,statiz,R,United States,1.09,40.1,8.0,3.57,3.11,1.31,9.6,2.68,N,,wiki_provisional,9.667,5.841,8.379,8.379,0.931,133.916,202.3,5.169,8.362,4.626,1.512,124.108,210.7,129.902,5.455,4.958,27.0,4.239,10.0,4.333,1.0,83.434,82.0,5.01,7.902,4.28,1.098,93.804,82.0,93.804,4.056,4.921,0.72,-1.009,4.0,full,4,8.0,2024-08-05,조기방출,N,,29.536,2.344,-1.254,0.1271929824561403,-2.062049798967967,-66.33333333333333,,,,1,1,5.455,0.9,4.544,5.139,MLB,2023.0
캠 알드레드,2024,KIA,Y,Y,"STATIZ 신인지명 '24 KIA 부상 대체 외국인선수'로 명시, 일치",STATIZ 확인,1,0,Cam Alldred,1996-07-25,statiz,L,United States,1.2,43.2,9.0,4.53,3.74,1.26,10.72,3.5,N,,wiki_provisional,1.0,1.112,9.0,0.0,0.0,28.913,1.0,1.112,9.0,0.0,0.0,28.913,1.0,28.913,1.112,1.112,105.667,5.134,8.347,3.918,1.363,101.046,184.7,4.726,8.285,3.801,1.121,97.204,184.7,97.204,4.886,4.807,0.005,0.031,1.0,full,1,9.0,2024-08-05,조기방출,N,,27.661,1.887,-0.687,,,,1.5929648241206031,0.4655969491527883,39.33333333333334,1,1,4.886,1.434,3.827,4.787,AAA,2023.0
에릭 스타우트,2024,KIA,Y,Y,STATIZ 신인지명 2024 KIA와 일치,STATIZ 확인,1,0,Eric Stout,1993-03-27,statiz,L,United States,0.28,16.0,4.0,5.06,4.19,1.38,11.25,2.81,Y,CPBL CTBC Brothers 2023 (KBO 입단 이전),wiki_provisional,22.333,4.59,10.075,6.448,0.806,114.993,24.7,5.59,9.851,6.568,1.459,138.326,24.7,138.326,4.156,5.141,40.667,4.663,9.738,4.869,0.664,81.415,118.7,6.554,8.874,5.84,1.82,132.305,243.0,109.78,4.06,5.246,0.092,-0.257,2.0,full,4,4.0,2024-09-30,시즌후_자연종료,N,,30.99,2.164,-1.884,,,,2.30188679245283,0.8337291311811347,22.999999999999996,1,1,4.06,0.878,6.254,5.411,AAA,2023.0
에릭 라우어,2024,KIA,N,Y,STATIZ 신인지명 2024 KIA와 일치,STATIZ 확인,1,0,Eric Lauer,1995-06-03,statiz,L,United States,0.76,34.2,7.0,4.93,3.98,1.36,9.61,3.12,N,,wiki_provisional,46.667,7.412,8.293,4.629,3.086,168.911,324.0,4.75,8.806,3.444,1.639,113.587,596.7,109.588,6.755,4.563,43.667,4.145,13.191,4.74,1.237,82.788,70.0,3.696,12.6,4.371,0.9,75.021,70.0,75.021,3.792,3.59,0.895,4.838,6.0,full,5,7.0,,완주-재계약안됨,N,,28.805,2.332,-1.572,0.2941176470588235,-1.2237754316221157,-112.0,8.733333333333333,2.1671471220989416,38.666666666666664,1,1,6.755,2.739,3.412,4.35,MLB,2023.0
제임스 네일,2024,KIA,N,Y,STATIZ 신인지명 2024 KIA와 일치,STATIZ 확인,1,0,James Aubrey Naile,1993-02-08,statiz,R,United States,4.31,149.1,26.0,2.53,3.74,1.27,8.32,2.11,N,,wiki_provisional,15.333,4.951,4.109,5.283,0.587,115.43,24.3,5.175,4.438,4.068,1.11,124.867,24.3,124.867,4.85,5.078,59.0,3.929,10.068,3.203,0.915,75.255,194.7,4.069,8.368,2.635,0.832,78.296,357.7,94.931,3.577,3.991,0.064,-0.15,2.0,full,5,26.0,,완주-재계약됨(일반슬롯),Y,N,31.118,3.068,1.242,1.7037037037037035,0.532804530484766,6.333333333333334,0.8045454545454546,-0.2174778137785323,-14.333333333333329,1,1,4.85,0.552,3.867,4.741,MLB,2023.0
다니엘 카스타노,2024,NC,N,Y,STATIZ 신인지명 2024 NC와 일치,STATIZ 확인,1,0,Daniel Alexander Castano,1994-09-17,statiz,L,United States,1.89,111.2,19.0,4.35,4.33,1.27,7.17,2.01,N,,wiki_provisional,3.0,12.255,12.0,9.0,6.0,279.571,59.0,5.258,5.644,3.051,1.525,128.216,88.7,122.166,10.552,5.043,61.667,5.162,8.465,3.795,1.459,102.985,174.0,5.465,7.759,2.741,1.862,118.905,174.0,118.905,5.264,6.226,0.338,0.232,4.0,full,4,19.0,2024-07-28,조기방출,N,,29.514,2.351,-0.461,0.0841121495327102,-2.4756042571256867,-32.666666666666664,1.8137254901960784,0.5953830117940537,27.666666666666664,1,1,10.552,4.865,2.951,5.773,MLB,2023.0
카일 하트,2024,NC,N,Y,STATIZ 신인지명 2024 NC와 일치,STATIZ 확인,1,0,Kyle Patrick Hart,1992-11-23,statiz,L,United States,6.15,157.0,26.0,2.69,3.17,1.03,10.43,2.18,N,,wiki_provisional,11.0,8.282,10.636,8.182,3.273,186.644,11.0,8.282,10.636,8.182,3.273,186.644,11.0,186.644,8.025,8.025,38.333,5.777,7.513,4.461,1.643,124.325,245.3,5.078,7.41,3.742,1.247,108.623,245.3,108.623,4.229,5.495,0.043,-0.244,1.0,full,5,26.0,,완주-재계약안됨,N,,31.329,2.35,3.8,,,,0.359375,-1.0233888674305225,-68.33333333333334,1,1,4.229,1.109,4.003,5.352,AAA,2023.0
라이언 와이스,2024,한화,Y,Y,STATIZ 신인지명 '24 한화 부상 대체 선수'로 일치; 리카르도 산체스 대체 6/17 입단,STATIZ 확인,1,0,Ryan Weiss,1996-12-10,statiz,R,United States,2.57,91.2,16.0,3.73,3.71,1.16,9.62,2.85,Y,CPBL Fubon Guardians 2023 (KBO 입단 이전),wiki_provisional,,,,,,,,,,,,,,,,,14.0,8.501,9.643,9.0,1.929,158.69,44.3,5.262,10.759,5.887,1.015,96.955,44.3,96.955,6.588,5.793,,,0.0,none,0,16.0,,완주-재계약됨(일반슬롯),Y,N,27.283,0.107,2.463,,,,0.4615384615384615,-0.7731898882334817,-16.333333333333332,0,1,6.588,1.837,5.581,5.793,AAA,2023.0
하이메 바리아,2024,한화,N,Y,STATIZ 신인지명 2024 한화와 일치,STATIZ 확인,1,0,Jaime Barria,1996-07-18,statiz,R,Panama,1.41,92.2,19.0,5.15,3.9,1.42,8.06,1.75,N,,wiki_provisional,82.333,6.073,6.777,3.279,2.186,139.945,218.3,5.151,6.224,2.803,1.608,121.068,462.7,116.353,5.687,4.947,49.0,5.749,6.245,1.469,1.837,107.364,115.3,6.023,7.569,1.795,2.185,112.747,130.0,106.552,5.236,5.712,0.781,1.377,6.0,full,4,20.0,,완주-재계약안됨,N,,27.68,2.568,-1.158,1.0378151260504205,0.0371176629565025,3.0,1.013793103448276,0.0136988443581619,0.6666666666666643,1,1,5.687,1.922,2.914,4.95,MLB,2023.0
로버트 더거,2024,SSG,N,Y,STATIZ 신인지명 2024 SSG와 일치(G=6 IP=22.2 ERA12.71); 부진으로 시즌 중 교체,STATIZ 확인,1,0,Robert Lee Dugger,1995-07-03,statiz,R,United States,-0.84,22.2,6.0,12.71,5.13,2.07,7.15,3.97,N,,wiki_provisional,16.0,4.487,10.688,3.938,1.688,105.057,52.3,5.851,7.223,3.783,2.064,137.214,86.7,137.752,4.523,5.572,146.333,4.886,8.795,3.69,1.107,88.682,269.0,5.246,8.565,3.379,1.405,96.632,273.0,95.784,4.402,4.848,0.241,-0.508,4.0,full,5,6.0,2024-04-27,조기방출,N,,28.723,2.726,-3.566,0.6233766233766234,-0.4726044109457929,-9.666666666666668,2.1105769230769234,0.7469613333738535,77.00000000000001,1,1,4.402,1.222,3.858,5.082,AAA,2023.0
드류 앤더슨,2024,SSG,Y,Y,STATIZ 활약연도 2024~2025 SSG와 일치; 더거 대체 5/3 입국(STATIZ 계약구분란엔 '자유선발'로만 표기),STATIZ 확인,1,0,Andrew James Anderson,1994-03-22,statiz,R,United States,3.45,115.2,23.0,3.89,3.64,1.31,12.29,4.12,Y,NPB Hiroshima Toyo Carp 2022-2023 (KBO 입단 이전),wiki_provisional,22.0,3.897,3.682,2.455,0.409,89.656,29.3,5.328,5.216,4.295,1.227,119.975,44.3,98.706,3.852,5.275,70.667,4.201,10.953,3.693,1.019,80.055,223.7,4.81,8.45,3.42,1.247,108.382,230.3,108.552,4.304,5.594,0.161,0.21,5.0,full,4,24.0,,완주-재계약됨(일반슬롯),Y,N,30.004,2.643,0.807,,,,1.4620689655172414,0.379852532251438,22.333333333333336,1,1,3.852,0.409,4.257,5.329,MLB,2021.0
엔마누엘 데 헤이수스,2024,키움,N,Y,STATIZ 신인지명 2024 키움과 일치(G=30 IP=171.1),STATIZ 확인,1,0,Enmanuel Jose De Jesus,1996-12-10,statiz,L,Venezuela,4.39,171.1,30.0,3.68,4.18,1.25,9.35,2.31,N,,wiki_provisional,6.333,4.992,7.105,5.684,0.0,113.94,6.3,4.992,7.105,5.684,0.0,113.94,6.3,113.94,3.554,3.554,84.667,5.533,6.484,5.421,0.957,110.396,191.3,5.175,8.561,4.845,1.035,102.347,191.3,102.347,5.176,4.855,0.032,0.002,1.0,full,5,30.0,,완주-재계약됨(일반슬롯),Y,N,27.283,2.355,2.035,,,,0.8327868852459016,-0.182977509588875,-17.0,1,1,3.554,0.0,5.373,4.812,MLB,2023.0
콜 어빈,2025,두산,N,Y,STATIZ에는 '콜어빈'으로 등록. 신인지명 2025 두산과 일치,STATIZ 확인,1,0,Cole Irvin,1994-01-31,statiz,L,United States,2.57,144.2,28.0,4.48,4.59,1.53,7.96,4.91,N,,wiki_provisional,111.0,4.815,6.324,2.351,1.459,118.631,369.3,4.437,6.677,2.096,1.316,111.634,593.0,109.167,4.529,4.269,6.667,5.219,6.75,8.1,0.0,111.173,149.7,4.814,6.013,1.744,1.263,97.833,311.0,91.623,4.076,4.912,0.656,4.359,6.0,full,6,28.0,,완주-재계약안됨,N,,31.138,3.886,-1.316,1.435344827586207,0.361405118314134,33.66666666666667,0.1351351351351351,-2.001480000210124,-42.66666666666667,1,1,4.529,1.362,2.196,4.397,MLB,2024.0
잭 로그,2025,두산,N,Y,STATIZ에는 '잭로그'로 등록. 신인지명 2025 두산과 일치,STATIZ 확인,1,0,Zach Logue,1996-04-23,statiz,L,United States,5.34,176.0,29.0,2.81,3.26,1.05,7.98,1.99,N,,wiki_provisional,2.0,5.666,18.0,0.0,4.5,134.773,70.0,5.722,7.2,2.829,2.186,147.927,70.0,147.927,5.667,5.687,90.333,6.163,8.469,4.384,1.993,128.56,258.3,5.885,8.257,3.554,1.881,116.699,261.7,116.707,3.823,5.746,0.211,-0.523,3.0,full,5,30.0,,완주-재계약됨(일반슬롯),Y,N,28.912,2.263,3.077,0.1818181818181818,-1.7047480922384253,-9.0,1.1483050847457623,0.1382870158540906,11.666666666666655,1,1,5.667,4.5,3.042,5.398,MLB,2024.0
헤르손 가라비토,2025,삼성,N,Y,STATIZ 신인지명 2025 삼성과 일치,STATIZ 확인,1,0,Gerson Yeris Garabito,1995-08-19,statiz,R,Dominican Republic,2.54,78.1,15.0,2.64,3.91,1.19,9.65,4.25,N,,wiki_provisional,26.333,5.293,7.519,4.101,1.367,128.906,26.3,5.293,7.519,4.101,1.367,128.906,26.3,128.906,4.954,4.954,55.333,4.341,8.946,1.952,0.976,85.242,97.3,5.284,8.414,3.606,1.202,102.177,97.3,102.177,3.854,4.981,0.213,-0.141,1.0,full,5,15.0,,완주-재계약안됨,N,,29.591,2.729,-0.189,,,,1.3174603174603174,0.2757058814050652,13.333333333333336,1,1,4.954,1.369,4.449,4.975,MLB,2024.0
요니 치리노스,2025,LG,N,Y,STATIZ 신인지명 2025 LG와 일치,STATIZ 확인,1,0,Yonny Chirinos,1993-12-26,statiz,R,Venezuela,5.21,177.0,30.0,3.31,3.13,1.18,6.97,1.83,N,,wiki_provisional,30.0,6.133,7.5,3.9,2.1,149.939,122.0,5.422,6.197,3.025,1.623,130.388,356.3,108.289,5.312,4.852,110.667,4.31,7.482,3.009,0.895,92.227,146.0,4.289,7.521,3.144,0.863,90.497,317.7,88.6,4.259,4.212,0.529,2.393,6.0,full,4,30.0,,완주-재계약됨(일반슬롯),Y,N,31.236,2.736,2.474,0.3529411764705882,-1.041453874828161,-55.0,5.724137931034483,1.7446919583700693,91.33333333333334,1,1,5.312,1.782,3.002,4.304,MLB,2024.0
앤더스 톨허스트,2025,LG,N,Y,STATIZ 신인지명 2025 LG와 일치,STATIZ 확인,1,0,Anders William Tolhurst,1999-09-13,statiz,R,United States,1.31,44.0,8.0,2.86,3.21,1.25,9.2,3.27,N,,wiki_provisional,,,,,,,,,,,,,,,,,,,,,,,,,,,,,,,,,,,0.0,none,0,8.0,,완주-재계약됨(일반슬롯),Y,N,25.522,0.099,1.211,,,,,,,0,0,,,,,,
애덤 올러,2025,KIA,N,Y,STATIZ 신인지명 2025 KIA와 일치,STATIZ 확인,1,0,Adam Oller,1994-10-17,statiz,R,United States,3.61,149.0,26.0,3.62,2.9,1.15,10.21,2.84,N,,wiki_provisional,42.333,5.316,7.654,4.677,1.488,130.202,136.3,6.238,6.271,4.819,1.914,159.305,136.3,159.305,4.737,6.129,31.667,3.539,9.095,4.832,0.0,62.729,75.7,3.423,8.921,4.163,0.119,67.88,75.7,67.88,4.887,4.948,0.643,-1.613,3.0,full,6,26.0,,완주-재계약됨(일반슬롯),Y,N,30.428,3.203,0.407,2.152542372881356,0.7666496425528718,22.666666666666668,0.7196969696969697,-0.32892503098583,-12.333333333333332,1,1,4.737,1.247,4.957,5.237,MLB,2024.0
터커 데이비드슨,2025,롯데,N,Y,STATIZ에는 '데이비슨'으로 등록. 신인지명 2025 롯데와 일치,STATIZ 확인,1,0,Tucker Davidson,1996-03-25,statiz,L,United States,3.38,123.1,22.0,3.65,3.85,1.39,8.68,3.5,N,,wiki_provisional,4.667,4.024,1.929,3.857,0.0,98.866,108.0,4.988,6.667,4.667,1.083,121.114,129.7,122.153,4.018,4.879,115.667,4.926,8.092,3.579,1.323,104.939,219.0,4.484,9.37,3.082,1.356,97.373,238.0,96.409,4.939,4.884,0.353,-0.199,5.0,full,5,22.0,,완주-재계약안됨,N,,28.991,2.737,0.643,0.0909090909090909,-2.3978952727983707,-46.66666666666667,1.4398340248962658,0.3645278464562043,35.33333333333334,1,1,4.018,0.0,4.785,4.861,MLB,2024.0
빈스 벨라스케즈,2025,롯데,Y,Y,STATIZ 신인지명 2025 롯데와 일치,STATIZ 확인,1,0,Vincent John Velasquez,1992-06-07,statiz,R,United States,-0.31,35.0,7.0,8.23,6.22,1.86,7.2,4.63,N,,wiki_provisional,37.333,3.871,8.92,3.375,0.964,88.784,207.0,4.928,9.0,3.826,1.652,116.251,763.7,104.569,3.305,4.733,4.667,3.358,3.857,1.929,0.0,66.096,17.0,3.174,11.118,4.235,0.529,66.25,19.0,72.096,3.055,3.355,0.976,8.005,9.0,full,4,11.0,,완주-재계약안됨,N,,32.789,2.958,-3.268,0.4955752212389381,-0.7020361279771913,-37.99999999999999,0.8235294117647058,-0.1941560144409575,-1.0,1,1,3.305,0.68,3.741,4.232,MLB,2023.0
알렉 감보아,2025,롯데,Y,Y,STATIZ 신인지명 2025 롯데와 일치,STATIZ 확인,1,0,Alec Gamboa,1997-01-17,statiz,L,United States,2.35,108.0,19.0,3.58,3.44,1.35,9.75,4.08,N,,wiki_provisional,,,,,,,,,,,,,,,,,73.667,4.283,6.231,3.787,0.367,83.873,114.0,4.516,7.421,4.737,0.474,85.845,114.0,85.845,3.97,4.115,,,0.0,none,0,19.0,,완주-재계약안됨,N,,28.175,1.112,1.238,,,,1.8264462809917352,0.6023721559210117,33.333333333333336,0,1,3.97,0.482,4.087,4.115,AAA,2024.0
코디 폰세,2025,한화,N,Y,STATIZ 신인지명 2025 한화와 일치 (2025 정규시즌 MVP),STATIZ 확인,1,0,Cody Ponce,1994-04-25,statiz,R,United States,8.38,180.2,29.0,1.89,1.92,0.94,12.55,2.04,Y,"NPB Nippon-Ham Fighters 2022-2023, Rakuten Golden Eagles 2024 (KBO 입단 이전)",wiki_provisional,38.333,4.944,8.452,2.583,1.878,116.652,55.3,5.472,7.807,2.765,2.114,126.362,55.3,126.362,4.657,5.079,57.333,4.217,9.262,2.826,1.256,94.702,76.0,4.506,9.355,2.961,1.421,99.771,76.0,99.771,5.069,5.348,0.421,-0.356,2.0,full,5,29.0,,완주-재계약안됨,N,,30.908,2.828,5.552,2.2549019607843137,0.8131064956389242,21.333333333333336,3.071428571428571,1.1221427860783038,38.66666666666667,1,1,4.657,1.615,2.747,5.233,MLB,2021.0
로건 앨런,2025,NC,N,Y,"STATIZ 신인지명 2025 NC와 일치, 2026-06-18 kt 트레이드 확인",STATIZ 확인,1,0,Logan Allen,1997-05-23,statiz,L,United States,2.41,173.0,31.0,4.53,4.39,1.43,7.75,3.49,N,,wiki_provisional,28.0,4.345,6.75,3.214,0.964,110.553,86.0,5.28,6.802,3.349,1.57,127.983,124.3,126.874,4.0,4.894,96.333,5.143,7.754,3.644,1.215,94.513,172.7,5.292,8.392,4.222,1.355,105.353,172.7,105.353,4.662,5.303,0.419,-0.417,5.0,full,6,32.0,,완주-재계약됨(일반슬롯),Y,N,27.83,2.619,-0.209,3.652173913043478,1.295322582914164,20.333333333333332,1.9794520547945205,0.6828200664040956,47.666666666666664,1,1,4.0,0.9,3.322,5.386,MLB,2024.0
라일리 톰프슨,2025,NC,N,Y,STATIZ 활약연도 2025-2026 NC와 일치,STATIZ 확인,1,0,Riley Thompson,1996-07-09,statiz,R,United States,4.34,172.0,30.0,3.45,3.12,1.12,11.3,2.93,N,,wiki_provisional,,,,,,,,,,,,,,,,,107.333,4.883,8.301,4.025,1.258,98.051,188.7,5.399,8.443,4.866,1.431,104.863,188.7,104.863,4.889,5.229,,,0.0,none,0,30.0,,완주-재계약됨(일반슬롯),Y,N,28.701,0.709,3.631,,,,1.319672131147541,0.2773833202512064,26.0,0,1,4.889,1.387,4.299,5.229,AAA,2024.0
패트릭 머피,2025,kt,Y,Y,STATIZ에는 '패트릭'으로 등록. 신인지명 2025 kt와 일치,STATIZ 확인,1,0,Patrick Murphy,1995-06-10,statiz,R,United States,1.33,60.2,9.0,3.12,3.67,1.38,6.68,3.12,Y,NPB Hokkaido Nippon-Ham Fighters 2024 (KBO 입단 이전),wiki_provisional,5.667,5.936,6.353,12.706,0.0,147.144,39.7,4.047,8.622,4.538,0.681,95.253,39.7,95.253,5.652,3.823,85.333,4.405,10.23,5.273,0.738,82.262,148.3,4.273,10.315,5.036,0.789,85.046,148.3,85.046,3.862,4.101,0.211,0.215,3.0,full,3,15.0,,완주-재계약안됨,N,,29.782,2.095,-0.765,0.2023809523809523,-1.5976034547870974,-22.333333333333332,1.3544973544973544,0.30343042941992,22.33333333333333,1,1,3.862,0.722,4.846,4.045,AAA,2023.0
미치 화이트,2025,SSG,N,Y,STATIZ 활약연도 2025-2026 SSG와 일치,STATIZ 확인,1,0,Mitch White,1994-12-28,statiz,R,United States,4.24,134.2,24.0,2.87,3.38,1.15,9.16,2.94,N,,wiki_provisional,23.667,6.04,4.944,4.944,1.521,148.478,135.3,4.347,6.916,3.658,0.998,107.195,185.0,101.926,5.83,4.282,57.667,3.066,10.613,3.434,0.312,65.68,145.3,3.857,10.775,3.963,0.743,77.743,209.0,85.024,2.915,3.886,0.47,1.446,5.0,full,5,24.0,,완주-재계약됨(일반슬롯),Y,N,30.231,2.928,1.312,1.8684210526315792,0.6250937173149298,11.000000000000002,1.035928143712575,0.0352977820810238,2.0,1,1,5.83,1.475,3.679,4.181,MLB,2024.0
케니 로젠버그,2025,키움,N,Y,STATIZ 신인지명 2025 키움과 일치,STATIZ 확인,1,0,Kenny Rosenberg,1998-07-09,statiz,L,United States,1.79,75.1,13.0,3.23,3.29,1.17,9.56,2.99,N,,wiki_provisional,24.0,5.458,6.375,3.0,1.875,132.212,67.7,4.62,7.182,3.724,1.197,109.962,67.7,109.962,5.527,4.599,115.333,5.924,8.194,2.965,1.951,113.645,278.0,5.388,9.291,3.594,1.554,100.27,313.7,98.221,5.626,4.964,0.178,0.187,3.0,full,4,13.0,2025-07-30,조기방출,Y,N,26.702,2.039,-0.249,0.7272727272727273,-0.3184537311185346,-9.0,1.153333333333333,0.1426563004015232,15.333333333333329,1,1,5.527,1.931,3.706,4.88,MLB,2024.0
라클란 웰스,2025,키움,Y,Y,"STATIZ 신인지명 '25 키움 부상 대체 외국인선수'로 명시, 일치",STATIZ 확인,1,0,Lachlan Robert Wells,1997-02-27,statiz,L,Australia,0.38,20.0,4.0,3.15,3.04,1.2,7.2,2.7,N,,wiki_provisional,,,,,,,,,,,,,,,,,,,,,,,,,,,,,,,,,,,0.0,full,4,4.0,,완주-재계약됨(아시아쿼터),Y,Y,28.063,0.9,-0.52,,,,,,,0,0,,,,,,
C.C 메르세데스,2025,키움,Y,Y,STATIZ 신인지명 2025 키움과 일치,STATIZ 확인,1,0,Cristopher Crisostomo Mercedes,1994-03-08,statiz,L,Dominican Republic,0.67,46.1,8.0,4.47,3.61,1.36,7.96,1.75,Y,"NPB Yomiuri Giants 2017-2022, Chiba Lotte Marines 2023-2024; CPBL Uni-President Lions 2025 (모두 KBO 입단 이전)",wiki_provisional,,,,,,,,,,,,,,,,,,,,,,,,,,,,,,,,,,,0.0,none,0,8.0,,완주-재계약안됨,N,,31.039,0.272,0.398,,,,,,,0,0,,,,,,
