선수명,fastball_pct,breaking_pct,offspeed_pct,primary_fb_velo,whiff_pct_weighted,run_value_weighted,n_pitch_types,cluster
글렌 스파크맨,44.4,46.7,3.3,93.2,21.397775423728817,-2.761546610169492,3,2
닉 킹엄,62.6,20.6,16.7,91.9,19.537937937937937,-1.5585585585585586,6,0
다니엘 카스타노,55.0,26.1,10.1,87.2,15.440899122807018,-7.400438596491228,4,3
대니얼 멩덴,77.0,9.1,12.6,90.0,19.612867274569407,-0.8028368794326243,4,0
댄 스트레일리,52.400000000000006,23.5,24.1,90.2,18.238999999999997,-3.3979,5,3
데니 레예스,62.300000000000004,22.5,15.1,91.8,24.56826826826827,-0.6619619619619619,5,0
덱 맥과이어,56.4,33.8,9.8,93.3,22.3678,-2.1248,5,0
드류 가뇽,54.4,13.399999999999999,32.2,92.1,22.1305,-4.0661000000000005,4,1
드류 루친스키,84.1,8.4,7.5,90.1,23.888199999999998,0.7248,6,0
드류 앤더슨,49.4,36.4,14.2,92.5,18.8168,1.1576,4,2
디트릭 엔스,95.5,1.9,2.5,94.2,23.955755755755757,1.1746746746746746,4,0
라울 알칸타라,62.0,19.2,18.7,95.2,19.03203203203203,-0.8952952952952954,5,0
라이언 카펜터,45.1,40.3,14.6,90.0,15.938400000000001,-2.3748,5,3
라클란 웰스,42.4,37.9,19.7,88.4,26.144899999999996,-5.54,4,3
로건 베렛,50.7,39.1,10.3,90.7,28.638561438561442,-1.223976023976024,5,3
로건 앨런,57.0,22.200000000000003,20.9,87.1,19.423376623376626,-0.5125874125874127,6,3
로버트 더거,43.3,38.099999999999994,18.7,89.6,28.527872127872122,-1.3002997002997003,5,3
로버트 스탁,74.39999999999999,11.9,11.9,96.2,26.493380855397145,-2.3295315682281057,4,0
로에니스 엘리아스,43.0,22.8,34.2,93.5,19.3496,0.7156,4,1
리살베르토 보니야,49.6,23.3,27.1,92.3,25.5927,-1.6886,4,1
리카르도 산체스,49.6,32.5,17.9,91.6,24.345799999999997,-2.4080999999999997,5,3
리카르도 핀토,66.7,0.0,33.3,94.7,17.036299999999997,-3.9,2,1
마이크 라이트,58.4,36.7,4.9,93.3,23.375400000000003,-2.3016999999999994,5,0
미치 화이트,52.5,47.5,0.0,94.1,15.6964,-1.5570000000000002,5,2
버치 스미스,69.0,17.4,13.6,93.4,20.1976,0.03240000000000006,5,0
벤 라이블리,60.6,38.6,0.7,91.2,19.923523523523517,-1.213213213213213,5,0
보 슐서,60.0,8.3,31.7,92.8,20.6613,-1.4835,4,1
브랜던 워델,51.6,41.8,6.6,92.5,25.665100000000002,-2.5705999999999998,4,2
빈스 벨라스케즈,42.6,44.6,12.5,93.2,27.28475426278837,0.0670010030090271,4,2
샘 가빌리오,49.3,44.8,4.5,88.0,6.25,-2.274239350912779,4,3
세스 프랭코프,48.6,45.9,0.0,91.5,20.005714285714284,-2.677142857142857,3,2
션 놀린,69.5,14.2,15.6,90.7,20.707955689828804,-1.0503524672708964,5,0
숀 모리만도,72.4,25.1,0.0,91.1,18.76492307692308,-2.2612307692307696,4,0
숀 앤더슨,14.3,85.7,0.0,92.7,6.806800000000001,-6.690500000000001,3,2
아도니스 메디나,47.9,35.5,16.7,93.4,19.658641358641358,-0.961938061938062,5,3
아리엘 미란다,58.7,30.400000000000002,10.9,90.7,26.7934,-0.2723000000000001,4,3
아리엘 후라도,50.0,31.0,15.5,90.7,19.88279792746114,-2.020621761658031,4,3
아티 르위키,33.3,59.6,0.0,93.4,31.135629709364906,-3.8490850376749184,3,2
앙헬 산체스,70.2,13.9,15.9,96.0,25.889799999999997,-1.8177,4,0
애덤 올러,51.4,41.5,7.0,93.8,21.558358358358355,-1.0415415415415417,6,0
애드리안 샘슨,54.2,33.2,12.5,92.5,20.873273273273274,-1.5184184184184184,3,2
애런 브룩스,53.7,25.7,20.6,91.8,19.3412,-0.5186,5,3
애런 윌커슨,50.5,34.5,15.0,89.8,20.3891,-2.6207,4,3
앤더슨 프랑코,55.7,13.6,30.7,96.1,24.9347,-0.07309999999999989,4,1
앤드류 수아레즈,47.0,29.4,23.5,91.9,15.612612612612612,0.2436436436436436,4,3
앨버트 수아레즈,49.1,42.3,8.6,93.5,27.483300000000003,0.3753,5,2
에니 로메로,68.8,31.2,0.0,95.1,25.8144,-5.0472,3,2
에디 버틀러,76.10000000000001,11.5,12.4,93.6,15.439999999999998,-1.8131000000000002,5,0
에릭 라우어,78.5,20.6,0.7,90.8,21.288577154308612,-2.421142284569138,5,0
에릭 스타우트,34.9,52.9,12.2,92.1,27.173300000000005,-1.2409,4,2
에릭 페디,67.4,28.900000000000002,3.6,92.6,18.38398398398399,-0.8934934934934935,5,0
엔마누엘 데 헤이수스,50.8,20.6,28.7,93.5,27.176523476523474,-1.7393606393606393,5,1
엘리에이저 에르난데스,50.4,36.1,13.5,91.6,24.1505,-1.9788000000000003,4,3
예프리 라미레즈,39.1,26.1,26.1,93.0,32.864184008762315,4.959145673603504,3,1
오드리사머 데스파이네,74.1,19.3,6.3,93.0,13.095987963891677,-3.3497492477432296,6,0
왕웨이중,37.5,59.4,0.0,93.7,32.2422084623323,-7.185448916408669,4,2
요니 치리노스,46.2,39.0,14.8,92.7,21.0904,-2.7023,4,2
워릭 서폴드,42.3,51.800000000000004,5.8,91.6,14.314614614614618,-0.9171171171171171,4,2
워커 로켓,57.3,22.2,20.4,93.2,21.06956956956957,-1.01981981981982,5,0
웨스 벤자민,72.0,15.5,12.6,91.3,20.642557442557447,-2.54015984015984,5,0
웨스 파슨스,57.5,36.3,6.3,93.3,21.171028971028967,-1.256243756243756,4,2
윌 크로우,27.4,48.599999999999994,24.0,93.6,21.726600000000005,-1.0541999999999998,4,2
윌리엄 쿠에바스,36.8,43.3,19.8,90.8,32.185585585585585,-1.9996996996996996,5,3
윌머 폰트,70.4,23.9,5.7,95.0,17.4592,-1.3321999999999998,5,0
이반 노바,59.1,25.4,15.5,92.1,18.758399999999998,-1.2741,4,3
잭 로그,83.80000000000001,11.6,4.7,91.7,33.58921078921078,-5.885514485514485,5,0
저스틴 헤일리,56.6,37.3,4.7,91.9,8.460649087221094,-2.5638945233265718,4,2
제이슨 휠러,59.0,21.4,19.6,88.5,10.326799999999999,-4.9386,4,3
제이콥 터너,60.5,37.099999999999994,1.2,93.5,15.321052631578945,-5.255465587044533,4,2
제이크 톰슨,45.8,25.7,28.5,90.6,18.9317,-0.07249999999999998,4,3
제임스 네일,57.800000000000004,38.6,3.6,91.7,14.437999999999997,-1.7468000000000001,5,0
조던 발라조빅,47.4,43.6,8.9,95.1,18.554854854854856,-0.6987987987987989,4,2
조시 스미스,34.7,62.7,2.6,90.4,22.364300000000004,-0.6260999999999999,5,2
찰리 반스,44.1,24.3,29.2,89.8,15.589856557377049,-1.0549180327868852,4,3
채드 벨,65.8,30.1,4.1,93.0,23.243299999999998,-2.2418,5,0
카일 하트,41.6,40.0,18.5,88.7,24.154245754245753,-4.182417582417583,5,3
커크 맥카티,78.9,13.399999999999999,7.7,88.5,23.891599999999997,-0.9841000000000001,5,0
케니 로젠버그,62.2,5.0,32.8,90.2,21.8002,-1.0528,4,1
케이시 켈리,53.5,35.7,10.8,91.5,22.7073,-0.7887000000000001,5,3
코너 시볼드,54.400000000000006,32.3,13.3,92.6,21.5215,-1.7629000000000001,5,0
코디 폰세,60.900000000000006,30.8,8.3,93.2,21.4461,-2.7721000000000005,5,0
콜 어빈,57.4,29.2,13.4,91.7,16.8461,-0.9955999999999999,6,0
크리스 플렉센,83.6,3.6,12.8,94.3,19.357200000000002,-0.8802999999999999,5,0
타일러 윌슨,71.9,21.2,6.8,90.8,19.588688688688688,-1.7342342342342338,5,0
태너 털리,59.5,30.200000000000003,10.3,90.9,19.625000000000004,-2.762200000000001,4,3
터커 데이비드슨,31.299999999999997,46.199999999999996,17.9,90.8,22.142976939203354,1.5409853249475889,5,3
테일러 와이드너,67.9,21.4,10.4,94.0,20.6074222668004,-1.1361083249749246,4,0
토마스 파노니,61.7,23.0,15.4,89.7,25.820379620379622,-0.5651348651348652,4,3
팀 아델만,64.8,15.2,20.0,90.0,24.9989,-0.9208,4,3
패트릭 머피,69.1,31.0,0.0,96.1,19.496403596403596,-1.759040959040959,3,2
펠릭스 페냐,43.1,38.5,18.5,92.5,39.72687312687313,-5.86963036963037,4,1
하이메 바리아,35.2,50.7,14.1,93.0,23.1177,-1.0008,4,2
헤르손 가라비토,49.599999999999994,38.8,11.6,93.4,20.6898,-1.0929,5,2
