선수명,status,matched_variant,fangraphs_id,fangraphs_name,tried
크리스 볼스테드,lastname_fallback_birth_date_match,Volstad,9901,Chris Volstad,
유네스키 마야,lastname_fallback_birth_date_match,Maya,11420,Yunesky Maya,
J.D. 마틴,birth_date_match,J.D. Martin,3685,J.D. Martin,
코리 리오단,birth_date_match,Cory Riordan,sa390235,Cory Riordan,
에버렛 티포드,birth_date_match,Everett James Teaford,3732,Everett Teaford,
하이로 어센시오,birth_date_match,Jairo Manuel Asencio,3332,Jairo Asencio,
저스틴 토마스,birth_date_match,Justin Thomas,9910,Justin Thomas,
케일럽 클레이,birth_date_match,Caleb Clay,sa326518,Caleb Clay,
앤드루 앨버스,birth_date_match,Andrew ALBERS,7853,Andrew Albers,
라이언 타투스코,birth_date_match,Ryan Tatusko,sa389188,Ryan Tatusko,
테드 웨버,birth_date_match,Thad G. Weber,8036,Thad Weber,
트레비스 밴와트,birth_date_match,Travis Banwart,sa389775,Travis Banwart,
로스 울프,birth_date_match,Ross Wolf,4534,Ross Wolf,
앤서니 스와잭,birth_date_match,Anthony Swarzak,7466,Anthony Swarzak,
타일러 클로이드,birth_date_match,Tyler Cloyd,8536,Tyler Cloyd,
알프레도 피가로,birth_date_match,Alfredo Figaro,8404,Alfredo Figaro,
루카스 하렐,birth_date_match,Lucas Harrell,7541,Lucas Harrell,
조쉬 스틴슨,lastname_fallback_birth_date_match,Stinson,3219,Josh Stinson,
에반 믹,birth_date_match,Evan David Meek,5109,Evan Meek,
브룩스 레일리,birth_date_match,Brooks Raley,10061,Brooks Raley,
조쉬 린드블럼,lastname_fallback_birth_date_match,Lindblom,7882,Josh Lindblom,
에스밀 로저스,birth_date_match,Esmil Rogers,6317,Esmil Rogers,
앤드루 시스코,birth_date_match,Andrew Sisco,3706,Andrew Sisco,
필 어윈,birth_date_match,Phil Irwin,9489,Phil Irwin,
메릴 켈리,birth_date_match,Merrill Kelly,11156,Merrill Kelly,
콜린 벨레스터,birth_date_match,Collin Thomas Balester,6883,Collin Balester,
앨런 웹스터,lastname_fallback_birth_date_match,Webster,3993,Allen Webster,
아놀드 레온,birth_date_match,Arnold Leon,5595,Arnold Leon,
요한 플란데,birth_date_match,Yohan Flande,5057,Yohan Flande,
데이비드 허프,birth_date_match,David Huff,4257,David Huff,
헥터 노에시,birth_date_match,Hector Noesi,3292,Hector Noesí,
지크 스프루일,lastname_fallback_birth_date_match,Spruill,3873,Zeke Spruill,
파비오 카스티요,birth_date_match,Fabio Castillo,2826,Fabio Castillo,
에릭 서캠프,birth_date_match,Eric Surkamp,2540,Eric Surkamp,
슈가 마리몬,birth_date_match,Sugar Ray Marimon,6027,Sugar Ray Marimon,
요한 피노,birth_date_match,Yohan Pino,6955,Yohan Pino,
조쉬 로위,birth_date_match,Josh Lowey,sa560990,Josh Lowey,
브라울리오 라라,birth_date_match,Braulio Lara,sa506176,Braulio Lara,
로버트 코엘로,birth_date_match,Robert Coello,1149,Robert Coello,
스콧 맥그레거,birth_date_match,Scott McGregor,sa455250,Scott McGregor,
재크 페트릭,birth_date_match,Zachary Petrick,sa659444,Zach Petrick,
앤서니 레나도,birth_date_match,Anthony Ranaudo,11424,Anthony Ranaudo,
팻 딘,lastname_fallback_birth_date_match,Dean,11350,Pat Dean,
닉 애디튼,birth_date_match,Nick Additon,sa393067,Nick Additon,
제프 맨쉽,birth_date_match,Jeff Manship,6865,Jeff Manship,
돈 로치,birth_date_match,Donn Roach,10620,Donn Roach,
스캇 다이아몬드,birth_date_match,Scott Diamond,5089,Scott Diamond,
션 오설리반,birth_date_match,Sean O'Sullivan,9137,Sean O'Sullivan,
제이크 브리검,birth_date_match,Jake Brigham,2851,Jake Brigham,
세스 프랭코프,birth_date_match,Seth Frankoff,11346,Seth Frankoff,
팀 아델만,lastname_fallback_birth_date_match,Adleman,10968,Tim Adleman,
리살베르토 보니야,birth_date_match,Lisalverto Bonilla,11266,Lisalverto Bonilla,
타일러 윌슨,birth_date_match,Tylor Wilson,12691,Tyler Wilson,
펠릭스 듀브론트,birth_date_match,Felix Antonio Doubront,1478,Félix Doubront,
키버스 샘슨,birth_date_match,Keyvius Sampson,10039,Keyvius Sampson,
제이슨 휠러,birth_date_match,Jason Wheeler,13128,Jason Wheeler,
데이비드 헤일,birth_date_match,David Hale,9756,David Hale,
로건 베렛,lastname_fallback_birth_date_match,Verrett,12905,Logan Verrett,
왕웨이중,birth_date_match,Wei-Chung Wang,14382,Wei-Chung Wang,
앙헬 산체스,birth_date_match,Angel Sanchez,11776,Angel Sánchez,
덱 맥과이어,lastname_fallback_birth_date_match,McGuire,11596,Deck McGuire,
저스틴 헤일리,birth_date_match,Justin Haley,13572,Justin Haley,
벤 라이블리,lastname_fallback_birth_date_match,Lively,14932,Ben Lively,
케이시 켈리,birth_date_match,Casey Kelly,9174,Casey Kelly,
조 윌랜드,lastname_fallback_birth_date_match,Wieland,6109,Joe Wieland,
제이크 톰슨,birth_date_match,Jake Thompson,14371,Jake Thompson,
브록 다익손,birth_date_match,Brock Dykxhoorn,sa658513,Brock Dykxhoorn,
워릭 서폴드,birth_date_match,Warwick Anthony Saupold,13211,Warwick Saupold,
드류 루친스키,lastname_fallback_birth_date_match,Rucinski,12499,Drew Rucinski,
에디 버틀러,lastname_fallback_birth_date_match,Butler,13453,Eddie Butler,
크리스천 프리드릭,birth_date_match,Christian Louis Patrick Friedrich,7942,Christian Friedrich,
윌리엄 쿠에바스,birth_date_match,William Enrique Cuevas Osorio,13331,William Cuevas,
라울 알칸타라,birth_date_match,Raul Alcántara,12790,Raúl Alcántara,
에릭 요키시,birth_date_match,Eric Jokisch,11157,Eric Jokisch,
크리스 플렉센,birth_date_match,Chris Flexen,13896,Chris Flexen,
데이비드 뷰캐넌,birth_date_match,David Buchanan,11176,David Buchanan,
애런 브룩스,birth_date_match,Aaron Brooks,12272,Aaron Brooks,
드류 가뇽,lastname_fallback_birth_date_match,Gagnon,12545,Drew Gagnon,
댄 스트레일리,birth_date_match,Dan Straily,9460,Dan Straily,
애드리안 샘슨,birth_date_match,Adrian Sampson,13339,Adrian Sampson,
오드리사머 데스파이네,birth_date_match,Odrisamer Despaigne,16017,Odrisamer Despaigne,
닉 킹엄,birth_date_match,Nick Kingham,11694,Nick Kingham,
리카르도 핀토,birth_date_match,Ricardo Pinto,16318,Ricardo Pinto,
아리엘 미란다,birth_date_match,Ariel Miranda,17526,Aríel Miranda,
워커 로켓,lastname_fallback_birth_date_match,Lockett,13804,Walker Lockett,
앤드류 수아레즈,birth_date_match,Andrew Suarez,18300,Andrew Suárez,
대니얼 멩덴,birth_date_match,Daniel Mengden,16980,Daniel Mengden,
보 다카하시,birth_date_match,Rodrigo Takahashi,sa830370,Bo Takahashi,
앤더슨 프랑코,birth_date_match,Enderson Daniel Franco,11896,Enderson Franco,
라이언 카펜터,birth_date_match,Ryan Carpenter,12699,Ryan Carpenter,
웨스 파슨스,birth_date_match,Wes Parsons,14764,Wes Parsons,
윌머 폰트,birth_date_match,Wilmer Font Gomez,5257,Wilmer Font,
아티 르위키,birth_date_match,Artie Michael Lewicki,16731,Artie Lewicki,
샘 가빌리오,lastname_fallback_birth_date_match,Gaviglio,12778,Sam Gaviglio,
로버트 스탁,birth_date_match,Robert Anthony Stock,6576,Robert Stock,
브랜던 워델,birth_date_match,Brandon Waddell,18347,Brandon Waddell,
앨버트 수아레즈,birth_date_match,Albert Joe Suárez,6175,Albert Suárez,
로니 윌리엄스,birth_date_match,Ronnie Ellis Williams,sa3018090,Ronnie Williams,
션 놀린,birth_date_match,Sean Nolin,11341,Sean Nolin,
찰리 반스,birth_date_match,Charlie Barnes,19865,Charlie Barnes,
글렌 스파크맨,birth_date_match,Glenn Sparkman,15200,Glenn Sparkman,
예프리 라미레즈,birth_date_match,Yefry Ramírez Alcala,15655,Yefry Ramírez,
펠릭스 페냐,birth_date_match,Félix Ricardo Peña,13403,Félix Peña,
맷 더모디,birth_date_match,Matt Dermody,14844,Matt Dermody,
웨스 벤자민,birth_date_match,Wes Benjamin,19243,Wes Benjamin,
이반 노바,birth_date_match,Iván Nova,1994,Iván Nova,
숀 모리만도,birth_date_match,Shawn Morimando,13606,Shawn Morimando,
타일러 애플러,birth_date_match,Tyler Eppler,sa829043,Tyler Eppler,
딜런 파일,birth_date_match,Dylan File,sa3004197,Dylan File,
테일러 와이드너,birth_date_match,Taylor Widener,19266,Taylor Widener,
아도니스 메디나,birth_date_match,Adonis Medina,19903,Adonis Medina,
숀 앤더슨,birth_date_match,Shaun Anderson,19453,Shaun Anderson,
마리오 산체스,birth_date_match,Mario Sanchez,sa691863,Mario Sanchez,
애런 윌커슨,birth_date_match,Aaron Wilkerson,16904,Aaron Wilkerson,
버치 스미스,birth_date_match,Burch Taylor Smith,12784,Burch Smith,
리카르도 산체스,birth_date_match,Ricardo Jose Sánchez,17581,Ricardo Sánchez,
에릭 페디,birth_date_match,Erick James Fedde,17425,Erick Fedde,
태너 털리,birth_date_match,Tanner Paul Tully,19518,Tanner Tully,
보 슐서,birth_date_match,Beau Grayson Sulser,23420,Beau Sulser,
커크 맥카티,lastname_fallback_birth_date_match,McCarty,20555,Kirk McCarty,
로에니스 엘리아스,birth_date_match,Roenis Elías,12673,Roenis Elías,
아리엘 후라도,birth_date_match,Ariel Bolívar Jurado Agrazal,17030,Ariel Jurado,
이안 맥키니,birth_date_match,Ian McKinney,sa738318,Ian McKinney,
시라카와 케이쇼,structurally_absent_no_us_system_career,,sa3025099,,"일본 독립리그 출신, FanGraphs에도 level=[kbo]만 존재 (MLB Stats API 결과와 일치)"
조던 발라조빅,birth_date_match,Jordan Balazovic,21866,Jordan Balazovic,
코너 시볼드,birth_date_match,Connor Seabold,19695,Connor Seabold,
데니 레예스,birth_date_match,Denyi Reyes,20526,Denyi Reyes,
디트릭 엔스,birth_date_match,Dietrich Arthur Enns,13932,Dietrich Enns,
엘리에이저 에르난데스,birth_date_match,Elieser Hernández,16933,Elieser Hernández,
윌 크로우,lastname_fallback_birth_date_match,Crowe,19800,Wil Crowe,
캠 알드레드,birth_date_match,Cam Alldred,25078,Cam Alldred,
에릭 스타우트,birth_date_match,Eric Stout,16873,Eric Stout,
에릭 라우어,birth_date_match,Eric Lauer,19316,Eric Lauer,
제임스 네일,birth_date_match,James Aubrey Naile,18186,James Naile,
다니엘 카스타노,birth_date_match,Daniel Alexander Castano,19805,Daniel Castano,
카일 하트,birth_date_match,Kyle Patrick Hart,19646,Kyle Hart,
라이언 와이스,birth_date_match,Ryan Weiss,24621,Ryan Weiss,
하이메 바리아,birth_date_match,Jaime Barria,18356,Jaime Barria,
로버트 더거,birth_date_match,Robert Dugger,19191,Robert Dugger,
드류 앤더슨,lastname_fallback_birth_date_match,Anderson,15130,Drew Anderson,
엔마누엘 데 헤이수스,birth_date_match,Enmanuel Jose De Jesus,18554,Enmanuel De Jesus,
콜 어빈,birth_date_match,Cole Irvin,19244,Cole Irvin,
잭 로그,birth_date_match,Zach Logue,20231,Zach Logue,
헤르손 가라비토,birth_date_match,Gerson Yeris Garabito,19835,Gerson Garabito,
요니 치리노스,birth_date_match,Yonny Chirinos,16401,Yonny Chirinos,
앤더스 톨허스트,birth_date_match,Anders William Tolhurst,sa3019818,Anders Tolhurst,
애덤 올러,birth_date_match,Adam Oller,20132,Adam Oller,
터커 데이비드슨,birth_date_match,Tucker Davidson,19871,Tucker Davidson,
빈스 벨라스케즈,lastname_fallback_birth_date_match,Velasquez,11189,Vince Velasquez,
알렉 감보아,birth_date_match,Alec Gamboa,26227,Alec Gamboa,
코디 폰세,birth_date_match,Cody Ponce,17920,Cody Ponce,
로건 앨런,birth_date_match,Logan Allen,18555,Logan Allen,
라일리 톰프슨,birth_date_match,Riley Thompson,sa876287,Riley Thompson,
패트릭 머피,birth_date_match,Patrick Murphy,19712,Patrick Murphy,
미치 화이트,birth_date_match,Mitch White,19225,Mitch White,
라클란 웰스,birth_date_match,Lachlan Robert Wells,sa877857,Lachlan Wells,
C.C 메르세데스,birth_date_match,Cristopher Crisostomo Mercedes,sa657880,Cristopher Crisostomo,
재크 스튜어트,manual_reresolved,Zach Stewart,7397,Zach Stewart,nickname_form_match
알렉산드로 마에스트리,manual_reresolved,Alessandro Maestri,sa328310,Alessandro Maestri,unique_name_bd_off_by_1month
제이콥 터너,manual_reresolved,Jacob Turner,10185,Jacob Turner,unique_name_bd_off_by_1year_matches_mlb_statsapi_finding
채드 벨,manual_reresolved,Chad Bell,10297,Chad Bell,nickname_form_match
마이크 라이트,manual_reresolved,Mike Wright Jr.,12586,Mike Wright Jr.,nickname_form_match
조시 스미스,manual_reresolved,Josh A. Smith,10946,Josh A. Smith,nickname_form_match_correct_not_false_lead
토마스 파노니,manual_reresolved,Thomas Pannone,17281,Thomas Pannone,nickname_form_match
케니 로젠버그,manual_reresolved,Kenny Rosenberg,20009,Kenny Rosenberg,unique_name_bd_off_by_3years_matches_mlb_statsapi_finding
파커 마켈,manual_reresolved,Parker Markel,12106,Parker Markel,blank_roster_fields_backfilled_from_mlb_statsapi_phase
에니 로메로,manual_reresolved,Enny Romero,4001,Enny Romero,blank_roster_fields_backfilled_from_mlb_statsapi_phase
