선수명,level,season,IP_mlbstatsapi,IP_fangraphs,my_fip,fangraphs_fip,diff,cFIP_used
크리스 볼스테드,MLB,2008,84.333,84.333,3.82,3.82,-0.0,3.132
크리스 볼스테드,MLB,2009,159.0,159.0,5.292,5.292,0.0,3.0971
크리스 볼스테드,MLB,2010,175.0,175.0,4.341,4.341,-0.0,3.0778
크리스 볼스테드,MLB,2011,165.667,165.667,4.323,4.323,0.0,3.0254
크리스 볼스테드,MLB,2012,111.333,111.333,5.106,5.106,0.0,3.0945
크리스 볼스테드,MLB,2013,8.333,8.333,4.968,4.968,0.0,3.0479
크리스 볼스테드,AAA,2009,4.0,4.0,7.597,7.972,-0.375,3.0971
크리스 볼스테드,AAA,2010,17.0,17.0,3.901,4.406,-0.505,3.0778
크리스 볼스테드,AAA,2011,18.333,18.333,3.68,4.438,-0.758,3.0254
크리스 볼스테드,AAA,2012,71.333,71.333,3.88,4.453,-0.573,3.0945
크리스 볼스테드,AAA,2013,127.667,127.667,4.458,4.98,-0.522,3.0479
유네스키 마야,MLB,2010,26.0,26.0,5.155,5.155,-0.0,3.0778
유네스키 마야,MLB,2011,32.667,32.667,4.403,4.403,0.0,3.0254
유네스키 마야,MLB,2013,0.333,0.333,42.048,42.052,-0.004,3.0479
유네스키 마야,AAA,2010,10.333,10.333,2.787,2.965,-0.177,3.0778
유네스키 마야,AAA,2011,129.667,129.667,3.681,3.892,-0.211,3.0254
유네스키 마야,AAA,2012,167.0,167.0,4.412,4.479,-0.067,3.0945
유네스키 마야,AAA,2013,146.333,146.333,3.28,3.437,-0.157,3.0479
J.D. 마틴,MLB,2009,77.0,77.0,5.669,5.669,0.0,3.0971
J.D. 마틴,MLB,2010,48.0,48.0,4.974,4.974,-0.0,3.0778
J.D. 마틴,AAA,2008,10.0,10.0,4.732,4.923,-0.191,3.132
J.D. 마틴,AAA,2009,88.0,88.0,2.665,2.718,-0.052,3.0971
J.D. 마틴,AAA,2010,41.0,41.0,3.468,3.645,-0.177,3.0778
J.D. 마틴,AAA,2011,107.667,107.667,4.409,4.621,-0.211,3.0254
J.D. 마틴,AAA,2012,130.0,130.0,4.102,4.675,-0.573,3.0945
J.D. 마틴,AAA,2013,160.333,160.333,3.472,3.629,-0.157,3.0479
코리 리오단,AAA,2011,7.0,7.0,1.883,2.64,-0.758,3.0254
코리 리오단,AAA,2012,55.333,55.333,2.95,3.523,-0.573,3.0945
코리 리오단,AAA,2013,74.667,74.667,4.762,5.284,-0.522,3.0479
에버렛 티포드,MLB,2011,44.0,44.0,5.139,5.139,0.0,3.0254
에버렛 티포드,MLB,2012,61.333,61.333,5.41,5.41,0.0,3.0945
에버렛 티포드,MLB,2013,0.667,0.667,3.048,3.048,0.0,3.0479
에버렛 티포드,AAA,2010,4.667,4.667,7.578,8.083,-0.505,3.0778
에버렛 티포드,AAA,2011,35.0,35.0,4.025,4.783,-0.758,3.0254
에버렛 티포드,AAA,2012,33.0,33.0,3.185,3.759,-0.573,3.0945
에버렛 티포드,AAA,2013,95.333,95.333,3.31,3.832,-0.522,3.0479
하이로 어센시오,MLB,2009,2.667,2.667,5.347,5.347,0.0,3.0971
하이로 어센시오,MLB,2011,10.333,10.333,4.187,4.187,0.0,3.0254
하이로 어센시오,MLB,2012,40.333,40.333,4.756,4.756,0.0,3.0945
하이로 어센시오,MLB,2013,2.333,2.333,7.762,7.762,-0.0,3.0479
하이로 어센시오,AAA,2009,71.333,71.333,2.522,2.575,-0.052,3.0971
하이로 어센시오,AAA,2011,54.667,54.667,2.385,2.597,-0.211,3.0254
하이로 어센시오,AAA,2012,13.333,13.333,3.019,3.593,-0.573,3.0945
하이로 어센시오,AAA,2013,50.667,50.667,3.008,3.165,-0.157,3.0479
저스틴 토마스,MLB,2008,4.0,4.0,3.632,3.632,-0.0,3.132
저스틴 토마스,MLB,2010,13.0,13.0,6.462,6.462,-0.0,3.0778
저스틴 토마스,MLB,2012,7.667,7.667,4.529,4.529,0.0,3.0945
저스틴 토마스,AAA,2008,17.0,17.0,3.779,4.149,-0.37,3.132
저스틴 토마스,AAA,2009,60.333,60.333,4.605,4.98,-0.375,3.0971
저스틴 토마스,AAA,2010,54.333,54.333,3.207,3.384,-0.177,3.0778
저스틴 토마스,AAA,2011,69.333,69.333,3.458,3.669,-0.211,3.0254
저스틴 토마스,AAA,2013,84.333,84.333,3.949,4.471,-0.522,3.0479
케일럽 클레이,AAA,2013,83.0,83.0,3.217,3.374,-0.157,3.0479
앤드루 앨버스,MLB,2013,60.0,60.0,3.965,3.965,0.0,3.0479
앤드루 앨버스,AAA,2013,132.333,132.333,3.396,3.553,-0.157,3.0479
테드 웨버,MLB,2012,4.0,4.0,4.095,4.094,0.0,3.0945
테드 웨버,MLB,2013,15.0,15.0,5.048,5.048,0.0,3.0479
테드 웨버,AAA,2010,22.0,22.0,3.123,3.3,-0.177,3.0778
테드 웨버,AAA,2011,151.333,151.333,5.034,5.246,-0.211,3.0254
트레비스 밴와트,AAA,2009,6.0,6.0,1.93,2.305,-0.375,3.0971
트레비스 밴와트,AAA,2010,73.0,73.0,3.968,4.473,-0.505,3.0778
트레비스 밴와트,AAA,2011,149.667,149.667,4.315,5.073,-0.758,3.0254
트레비스 밴와트,AAA,2012,128.667,128.667,4.004,4.577,-0.573,3.0945
트레비스 밴와트,AAA,2013,131.0,131.0,4.452,4.974,-0.522,3.0479
로스 울프,MLB,2007,12.333,12.333,7.456,7.456,-0.0,3.2396
로스 울프,MLB,2010,12.667,12.667,4.341,4.341,-0.0,3.0778
로스 울프,MLB,2013,47.667,47.667,4.537,4.537,0.0,3.0479
로스 울프,AAA,2006,48.667,48.667,3.332,3.501,-0.169,3.1467
로스 울프,AAA,2007,47.333,47.333,4.718,4.98,-0.262,3.2396
로스 울프,AAA,2008,39.0,39.0,4.747,5.117,-0.37,3.132
로스 울프,AAA,2009,82.0,82.0,3.426,3.479,-0.052,3.0971
로스 울프,AAA,2011,73.667,73.667,3.419,4.177,-0.758,3.0254
로스 울프,AAA,2012,11.333,11.333,5.477,6.05,-0.573,3.0945
로스 울프,AAA,2013,35.667,35.667,2.88,3.402,-0.522,3.0479
앤서니 스와잭,MLB,2009,59.0,59.0,5.707,5.707,0.0,3.0971
앤서니 스와잭,MLB,2011,102.0,102.0,4.035,4.035,0.0,3.0254
앤서니 스와잭,MLB,2012,96.667,96.667,4.791,4.791,0.0,3.0945
앤서니 스와잭,MLB,2013,96.0,96.0,3.277,3.277,0.0,3.0479
앤서니 스와잭,MLB,2014,86.0,86.0,3.772,3.772,0.0,3.1323
앤서니 스와잭,AAA,2008,45.0,45.0,4.332,4.523,-0.191,3.132
앤서니 스와잭,AAA,2009,79.667,79.667,3.524,3.576,-0.052,3.0971
앤서니 스와잭,AAA,2010,111.667,111.667,4.627,4.804,-0.177,3.0778
앤서니 스와잭,AAA,2011,32.333,32.333,3.335,3.546,-0.211,3.0254
타일러 클로이드,MLB,2012,33.0,33.0,5.246,5.246,0.0,3.0945
타일러 클로이드,MLB,2013,60.333,60.333,4.49,4.49,0.0,3.0479
타일러 클로이드,AAA,2012,142.0,142.0,3.954,4.021,-0.067,3.0945
타일러 클로이드,AAA,2013,112.667,112.667,4.539,4.696,-0.157,3.0479
타일러 클로이드,AAA,2014,166.667,166.667,4.392,4.618,-0.225,3.1323
알프레도 피가로,MLB,2009,17.0,17.0,5.45,5.45,0.0,3.0971
알프레도 피가로,MLB,2010,14.667,14.667,4.919,4.919,-0.0,3.0778
알프레도 피가로,MLB,2013,74.0,74.0,4.872,4.872,0.0,3.0479
알프레도 피가로,MLB,2014,8.667,8.667,4.632,4.632,0.0,3.1323
알프레도 피가로,AAA,2010,124.0,124.0,3.489,3.666,-0.177,3.0778
알프레도 피가로,AAA,2013,13.0,13.0,3.894,4.416,-0.522,3.0479
알프레도 피가로,AAA,2014,70.333,70.333,3.474,4.042,-0.568,3.1323
루카스 하렐,MLB,2010,24.0,24.0,5.036,5.036,-0.0,3.0778
루카스 하렐,MLB,2011,18.0,18.0,2.859,2.859,0.0,3.0254
루카스 하렐,MLB,2012,193.667,193.667,3.745,3.745,0.0,3.0945
루카스 하렐,MLB,2013,153.667,153.667,5.417,5.417,0.0,3.0479
루카스 하렐,MLB,2014,12.333,12.333,5.97,5.97,0.0,3.1323
루카스 하렐,AAA,2009,65.667,65.667,4.239,4.292,-0.052,3.0971
루카스 하렐,AAA,2010,137.667,137.667,4.334,4.512,-0.177,3.0778
루카스 하렐,AAA,2014,106.667,106.667,5.645,6.213,-0.568,3.1323
조쉬 스틴슨,MLB,2011,13.0,13.0,4.41,4.41,0.0,3.0254
조쉬 스틴슨,MLB,2012,9.333,9.333,5.452,5.452,0.0,3.0945
조쉬 스틴슨,MLB,2013,17.0,17.0,5.401,5.401,0.0,3.0479
조쉬 스틴슨,MLB,2014,13.0,13.0,6.055,6.055,0.0,3.1323
조쉬 스틴슨,AAA,2010,28.0,28.0,4.756,4.934,-0.177,3.0778
조쉬 스틴슨,AAA,2011,61.667,61.667,5.117,5.329,-0.211,3.0254
조쉬 스틴슨,AAA,2013,131.0,131.0,4.14,4.296,-0.157,3.0479
조쉬 스틴슨,AAA,2014,85.333,85.333,4.937,5.162,-0.225,3.1323
에반 믹,MLB,2008,13.0,13.0,8.055,8.055,-0.0,3.132
에반 믹,MLB,2009,47.0,47.0,3.714,3.714,0.0,3.0971
에반 믹,MLB,2010,80.0,80.0,3.453,3.453,-0.0,3.0778
에반 믹,MLB,2011,20.667,20.667,3.751,3.751,0.0,3.0254
에반 믹,MLB,2012,12.0,12.0,4.595,4.594,0.0,3.0945
에반 믹,MLB,2014,23.333,23.333,5.104,5.104,0.0,3.1323
에반 믹,AAA,2008,41.333,41.333,3.132,3.323,-0.191,3.132
에반 믹,AAA,2009,8.667,8.667,3.905,3.957,-0.052,3.0971
에반 믹,AAA,2011,8.0,8.0,1.4,1.612,-0.211,3.0254
에반 믹,AAA,2012,46.0,46.0,4.116,4.183,-0.067,3.0945
에반 믹,AAA,2013,108.0,108.0,4.233,4.755,-0.522,3.0479
에반 믹,AAA,2014,41.667,41.667,2.268,2.494,-0.225,3.1323
브룩스 레일리,MLB,2012,24.333,24.333,6.875,6.875,0.0,3.0945
브룩스 레일리,MLB,2013,14.0,14.0,5.048,5.048,0.0,3.0479
브룩스 레일리,AAA,2012,82.0,82.0,3.655,4.229,-0.573,3.0945
브룩스 레일리,AAA,2013,141.333,141.333,3.982,4.504,-0.522,3.0479
조쉬 린드블럼,MLB,2011,29.667,29.667,2.351,2.351,0.0,3.0254
조쉬 린드블럼,MLB,2012,71.0,71.0,5.151,5.151,0.0,3.0945
조쉬 린드블럼,MLB,2013,31.333,31.333,4.42,4.42,0.0,3.0479
조쉬 린드블럼,MLB,2014,4.667,4.667,6.989,6.989,0.0,3.1323
조쉬 린드블럼,AAA,2009,39.0,39.0,3.405,3.78,-0.375,3.0971
조쉬 린드블럼,AAA,2010,95.0,95.0,4.183,4.688,-0.505,3.0778
조쉬 린드블럼,AAA,2013,108.0,108.0,4.085,4.607,-0.522,3.0479
조쉬 린드블럼,AAA,2014,84.0,84.0,4.287,4.855,-0.568,3.1323
에스밀 로저스,MLB,2009,4.0,4.0,3.097,3.097,0.0,3.0971
에스밀 로저스,MLB,2010,72.0,72.0,3.439,3.439,-0.0,3.0778
에스밀 로저스,MLB,2011,83.0,83.0,5.616,5.616,0.0,3.0254
에스밀 로저스,MLB,2012,78.667,78.667,3.476,3.476,0.0,3.0945
에스밀 로저스,MLB,2013,137.667,137.667,4.726,4.726,0.0,3.0479
에스밀 로저스,MLB,2014,45.667,45.667,4.731,4.731,0.0,3.1323
에스밀 로저스,AAA,2009,60.667,60.667,5.388,5.763,-0.375,3.0971
에스밀 로저스,AAA,2010,61.0,61.0,3.75,4.255,-0.505,3.0778
에스밀 로저스,AAA,2011,23.0,23.0,4.33,5.088,-0.758,3.0254
에스밀 로저스,AAA,2014,48.667,48.667,3.214,3.44,-0.225,3.1323
재크 스튜어트,MLB,2011,67.333,67.333,4.704,4.704,0.0,3.0254
재크 스튜어트,MLB,2012,35.667,35.667,7.552,7.552,0.0,3.0945
재크 스튜어트,AAA,2011,6.333,6.333,1.446,1.658,-0.211,3.0254
재크 스튜어트,AAA,2012,59.333,59.333,3.802,3.869,-0.067,3.0945
재크 스튜어트,AAA,2013,167.333,167.333,3.514,3.671,-0.157,3.0479
재크 스튜어트,AAA,2014,106.0,106.0,3.859,4.084,-0.225,3.1323
앤드루 시스코,MLB,2005,75.333,75.333,3.79,3.79,-0.0,3.02
앤드루 시스코,MLB,2006,58.333,58.333,5.255,5.255,-0.0,3.1467
앤드루 시스코,MLB,2007,14.0,14.0,5.811,5.811,-0.0,3.2396
앤드루 시스코,AAA,2006,4.667,4.667,4.004,4.173,-0.169,3.1467
앤드루 시스코,AAA,2007,78.667,78.667,4.752,4.665,0.087,3.2396
필 어윈,MLB,2013,4.667,4.667,3.905,3.905,0.0,3.0479
필 어윈,MLB,2014,4.0,4.0,7.632,7.632,0.0,3.1323
필 어윈,AAA,2012,21.0,21.0,2.19,2.257,-0.067,3.0945
필 어윈,AAA,2013,10.0,10.0,2.948,3.105,-0.157,3.0479
메릴 켈리,AAA,2013,84.667,84.667,3.32,3.477,-0.157,3.0479
메릴 켈리,AAA,2014,114.0,114.0,3.509,3.735,-0.225,3.1323
콜린 벨레스터,MLB,2008,80.0,80.0,5.107,5.107,-0.0,3.132
콜린 벨레스터,MLB,2009,30.333,30.333,7.449,7.449,0.0,3.0971
콜린 벨레스터,MLB,2010,21.0,21.0,3.506,3.506,-0.0,3.0778
콜린 벨레스터,MLB,2011,35.667,35.667,4.932,4.932,0.0,3.0254
콜린 벨레스터,MLB,2012,18.0,18.0,7.706,7.706,0.0,3.0945
콜린 벨레스터,MLB,2015,15.667,15.667,6.644,6.644,0.0,3.1336
콜린 벨레스터,AAA,2007,51.667,51.667,3.956,3.869,0.087,3.2396
콜린 벨레스터,AAA,2008,78.667,78.667,4.848,5.039,-0.191,3.132
콜린 벨레스터,AAA,2009,107.333,107.333,3.582,3.634,-0.052,3.0971
콜린 벨레스터,AAA,2010,69.0,69.0,4.6,4.777,-0.177,3.0778
콜린 벨레스터,AAA,2011,39.333,39.333,2.568,2.779,-0.211,3.0254
콜린 벨레스터,AAA,2012,47.0,47.0,4.073,4.14,-0.067,3.0945
콜린 벨레스터,AAA,2013,27.0,27.0,4.678,5.199,-0.522,3.0479
앨런 웹스터,MLB,2013,30.333,30.333,6.509,6.509,0.0,3.0479
앨런 웹스터,MLB,2014,59.0,59.0,4.353,4.353,0.0,3.1323
앨런 웹스터,MLB,2015,31.0,31.0,8.359,8.359,0.0,3.1336
앨런 웹스터,AAA,2013,105.0,105.0,3.638,3.795,-0.157,3.0479
앨런 웹스터,AAA,2014,122.0,122.0,3.657,3.882,-0.225,3.1323
앨런 웹스터,AAA,2015,77.0,77.0,4.004,4.47,-0.466,3.1336
아놀드 레온,MLB,2015,26.667,26.667,4.184,4.184,0.0,3.1336
아놀드 레온,AAA,2006,3.333,3.333,3.747,4.082,-0.335,3.1467
아놀드 레온,AAA,2007,41.667,41.667,3.84,4.073,-0.233,3.2396
아놀드 레온,AAA,2008,14.667,14.667,0.677,0.913,-0.236,3.132
아놀드 레온,AAA,2012,35.667,35.667,4.244,4.817,-0.573,3.0945
아놀드 레온,AAA,2013,71.333,71.333,3.076,3.598,-0.522,3.0479
아놀드 레온,AAA,2014,145.0,145.0,3.622,4.19,-0.568,3.1323
아놀드 레온,AAA,2015,58.0,58.0,3.892,4.358,-0.466,3.1336
요한 플란데,MLB,2014,59.0,59.0,3.997,3.997,0.0,3.1323
요한 플란데,MLB,2015,68.333,68.333,5.68,5.68,0.0,3.1336
요한 플란데,AAA,2011,137.0,137.0,3.281,3.492,-0.211,3.0254
요한 플란데,AAA,2012,147.667,147.667,3.846,3.913,-0.067,3.0945
요한 플란데,AAA,2013,131.333,131.333,3.68,3.837,-0.157,3.0479
요한 플란데,AAA,2014,88.333,88.333,4.129,4.697,-0.568,3.1323
요한 플란데,AAA,2015,31.667,31.667,6.481,6.947,-0.466,3.1336
데이비드 허프,MLB,2009,128.333,128.333,4.687,4.687,0.0,3.0971
데이비드 허프,MLB,2010,79.667,79.667,5.827,5.827,-0.0,3.0778
데이비드 허프,MLB,2011,50.667,50.667,4.15,4.15,0.0,3.0254
데이비드 허프,MLB,2012,26.667,26.667,4.782,4.782,0.0,3.0945
데이비드 허프,MLB,2013,37.667,37.667,4.614,4.614,0.0,3.0479
데이비드 허프,MLB,2014,59.0,59.0,4.132,4.132,0.0,3.1323
데이비드 허프,MLB,2015,6.0,6.0,7.134,7.134,0.0,3.1336
데이비드 허프,AAA,2008,80.667,80.667,3.082,3.273,-0.191,3.132
데이비드 허프,AAA,2009,39.333,39.333,4.343,4.395,-0.052,3.0971
데이비드 허프,AAA,2010,74.333,74.333,4.006,4.183,-0.177,3.0778
데이비드 허프,AAA,2011,107.0,107.0,3.904,4.115,-0.211,3.0254
데이비드 허프,AAA,2012,134.0,134.0,5.341,5.408,-0.067,3.0945
데이비드 허프,AAA,2014,3.0,3.0,2.466,3.034,-0.568,3.1323
데이비드 허프,AAA,2015,57.333,57.333,2.959,3.425,-0.466,3.1336
헥터 노에시,MLB,2011,56.333,56.333,4.09,4.09,0.0,3.0254
헥터 노에시,MLB,2012,106.667,106.667,5.532,5.532,0.0,3.0945
헥터 노에시,MLB,2013,27.333,27.333,4.365,4.365,0.0,3.0479
헥터 노에시,MLB,2014,172.333,172.333,4.827,4.827,0.0,3.1323
헥터 노에시,MLB,2015,32.667,32.667,6.225,6.225,0.0,3.1336
헥터 노에시,AAA,2010,18.667,18.667,3.078,3.255,-0.177,3.0778
헥터 노에시,AAA,2011,24.667,24.667,2.985,3.196,-0.211,3.0254
헥터 노에시,AAA,2012,64.333,64.333,3.918,4.492,-0.573,3.0945
헥터 노에시,AAA,2013,66.333,66.333,4.601,5.123,-0.522,3.0479
헥터 노에시,AAA,2015,65.0,65.0,3.549,3.572,-0.023,3.1336
지크 스프루일,MLB,2013,11.333,11.333,6.489,6.489,0.0,3.0479
지크 스프루일,MLB,2014,22.667,22.667,2.559,2.559,0.0,3.1323
지크 스프루일,AAA,2013,92.0,92.0,4.309,4.831,-0.522,3.0479
지크 스프루일,AAA,2014,79.0,79.0,4.006,4.574,-0.568,3.1323
지크 스프루일,AAA,2015,114.333,114.333,3.921,3.944,-0.023,3.1336
파비오 카스티요,AAA,2012,18.667,18.667,5.345,5.918,-0.573,3.0945
파비오 카스티요,AAA,2013,57.0,57.0,4.101,4.622,-0.522,3.0479
파비오 카스티요,AAA,2014,23.0,23.0,3.524,3.749,-0.225,3.1323
파비오 카스티요,AAA,2015,33.0,33.0,3.225,3.608,-0.383,3.1336
에릭 서캠프,MLB,2011,26.667,26.667,4.675,4.675,0.0,3.0254
에릭 서캠프,MLB,2013,2.667,2.667,15.048,15.048,0.0,3.0479
에릭 서캠프,MLB,2014,24.333,24.333,4.817,4.817,0.0,3.1323
에릭 서캠프,MLB,2015,3.333,3.333,11.234,11.234,-0.0,3.1336
에릭 서캠프,AAA,2013,71.333,71.333,3.188,3.71,-0.522,3.0479
에릭 서캠프,AAA,2014,78.667,78.667,3.298,3.523,-0.225,3.1323
슈가 마리몬,MLB,2015,25.667,25.667,5.199,5.199,0.0,3.1336
슈가 마리몬,AAA,2014,83.333,83.333,4.2,4.768,-0.568,3.1323
슈가 마리몬,AAA,2015,81.667,81.667,3.66,3.684,-0.023,3.1336
요한 피노,MLB,2014,60.333,60.333,3.944,3.944,0.0,3.1323
요한 피노,MLB,2015,19.333,19.333,3.599,3.599,0.0,3.1336
요한 피노,AAA,2010,145.667,145.667,4.897,5.074,-0.177,3.0778
요한 피노,AAA,2011,1.667,1.667,6.625,7.383,-0.758,3.0254
요한 피노,AAA,2012,9.333,9.333,3.737,4.311,-0.573,3.0945
요한 피노,AAA,2013,121.333,121.333,2.801,2.958,-0.157,3.0479
요한 피노,AAA,2014,73.0,73.0,3.872,4.097,-0.225,3.1323
요한 피노,AAA,2015,78.667,78.667,4.163,4.629,-0.466,3.1336
브라울리오 라라,AAA,2013,3.0,3.0,2.048,2.205,-0.157,3.0479
브라울리오 라라,AAA,2014,11.0,11.0,6.769,6.994,-0.225,3.1323
브라울리오 라라,AAA,2015,28.0,28.0,3.062,3.528,-0.466,3.1336
로버트 코엘로,MLB,2010,5.667,5.667,3.96,3.96,-0.0,3.0778
로버트 코엘로,MLB,2012,6.333,6.333,6.095,6.094,0.0,3.0945
로버트 코엘로,MLB,2013,17.0,17.0,2.518,2.518,0.0,3.0479
로버트 코엘로,AAA,2009,1.333,1.333,1.597,1.65,-0.052,3.0971
로버트 코엘로,AAA,2010,64.0,64.0,4.328,4.505,-0.177,3.0778
로버트 코엘로,AAA,2011,95.0,95.0,3.941,4.699,-0.758,3.0254
로버트 코엘로,AAA,2012,42.0,42.0,3.571,4.144,-0.573,3.0945
로버트 코엘로,AAA,2013,18.667,18.667,2.566,3.088,-0.522,3.0479
스콧 맥그레거,AAA,2013,100.667,100.667,3.992,4.513,-0.522,3.0479
스콧 맥그레거,AAA,2015,107.0,107.0,4.648,4.671,-0.023,3.1336
재크 페트릭,AAA,2014,115.0,115.0,4.558,5.126,-0.568,3.1323
재크 페트릭,AAA,2015,157.333,157.333,3.521,3.987,-0.466,3.1336
앤서니 레나도,MLB,2014,39.333,39.333,6.895,6.895,0.0,3.1323
앤서니 레나도,MLB,2015,15.333,15.333,5.155,5.155,-0.0,3.1336
앤서니 레나도,MLB,2016,31.333,31.333,8.061,8.061,0.0,3.1466
앤서니 레나도,AAA,2013,30.333,30.333,2.784,2.941,-0.157,3.0479
앤서니 레나도,AAA,2014,138.0,138.0,3.632,3.858,-0.225,3.1323
앤서니 레나도,AAA,2015,118.0,118.0,4.422,4.888,-0.466,3.1336
팻 딘,MLB,2016,67.333,67.333,5.196,5.196,0.0,3.1466
팻 딘,AAA,2013,40.0,40.0,2.398,2.555,-0.157,3.0479
팻 딘,AAA,2015,179.0,179.0,3.419,3.442,-0.023,3.1336
팻 딘,AAA,2016,87.333,87.333,4.234,4.257,-0.023,3.1466
닉 애디튼,AAA,2011,96.667,96.667,4.525,5.283,-0.758,3.0254
닉 애디튼,AAA,2012,87.0,87.0,4.278,4.852,-0.573,3.0945
닉 애디튼,AAA,2013,131.667,131.667,3.686,4.208,-0.522,3.0479
닉 애디튼,AAA,2014,89.667,89.667,3.835,4.06,-0.225,3.1323
닉 애디튼,AAA,2015,74.333,74.333,3.726,4.191,-0.466,3.1336
닉 애디튼,AAA,2016,80.333,80.333,3.931,3.953,-0.023,3.1466
제프 맨쉽,MLB,2009,31.667,31.667,4.929,4.929,0.0,3.0971
제프 맨쉽,MLB,2010,29.0,29.0,3.595,3.595,-0.0,3.0778
제프 맨쉽,MLB,2011,3.333,3.333,5.425,5.425,-0.0,3.0254
제프 맨쉽,MLB,2012,21.667,21.667,5.495,5.494,0.0,3.0945
제프 맨쉽,MLB,2013,30.667,30.667,5.591,5.591,0.0,3.0479
제프 맨쉽,MLB,2014,23.0,23.0,4.132,4.132,0.0,3.1323
제프 맨쉽,MLB,2015,39.333,39.333,2.625,2.625,0.0,3.1336
제프 맨쉽,MLB,2016,43.333,43.333,5.108,5.108,0.0,3.1466
제프 맨쉽,AAA,2009,50.333,50.333,3.236,3.289,-0.052,3.0971
제프 맨쉽,AAA,2010,98.333,98.333,3.841,4.018,-0.177,3.0778
제프 맨쉽,AAA,2011,25.0,25.0,3.905,4.117,-0.211,3.0254
제프 맨쉽,AAA,2012,80.333,80.333,3.953,4.02,-0.067,3.0945
제프 맨쉽,AAA,2013,104.0,104.0,3.634,4.156,-0.522,3.0479
제프 맨쉽,AAA,2014,25.333,25.333,4.119,4.345,-0.225,3.1323
제프 맨쉽,AAA,2015,31.667,31.667,3.26,3.283,-0.023,3.1336
돈 로치,MLB,2014,30.333,30.333,4.748,4.748,0.0,3.1323
돈 로치,MLB,2015,3.333,3.333,3.434,3.434,-0.0,3.1336
돈 로치,MLB,2016,5.333,5.333,6.522,6.522,0.0,3.1466
돈 로치,AAA,2014,77.333,77.333,4.154,4.722,-0.568,3.1323
스캇 다이아몬드,MLB,2011,39.0,39.0,4.359,4.359,0.0,3.0254
스캇 다이아몬드,MLB,2012,173.0,173.0,3.938,3.938,0.0,3.0945
스캇 다이아몬드,MLB,2013,131.0,131.0,5.185,5.185,0.0,3.0479
스캇 다이아몬드,MLB,2016,1.0,1.0,9.147,9.147,0.0,3.1466
스캇 다이아몬드,AAA,2010,56.333,56.333,3.22,3.397,-0.177,3.0778
스캇 다이아몬드,AAA,2011,123.0,123.0,3.627,3.838,-0.211,3.0254
스캇 다이아몬드,AAA,2012,34.667,34.667,2.662,2.729,-0.067,3.0945
스캇 다이아몬드,AAA,2013,41.0,41.0,4.048,4.205,-0.157,3.0479
스캇 다이아몬드,AAA,2015,150.333,150.333,3.626,3.649,-0.023,3.1336
스캇 다이아몬드,AAA,2016,166.0,166.0,3.472,3.495,-0.023,3.1466
션 오설리반,MLB,2009,51.667,51.667,5.981,5.981,0.0,3.0971
션 오설리반,MLB,2010,83.667,83.667,5.528,5.528,-0.0,3.0778
션 오설리반,MLB,2011,58.333,58.333,6.043,6.043,0.0,3.0254
션 오설리반,MLB,2013,25.0,25.0,3.888,3.888,0.0,3.0479
션 오설리반,MLB,2014,12.667,12.667,5.58,5.58,0.0,3.1323
션 오설리반,MLB,2015,71.0,71.0,6.176,6.176,0.0,3.1336
션 오설리반,MLB,2016,21.333,21.333,4.881,4.881,0.0,3.1466
션 오설리반,AAA,2009,69.0,69.0,4.401,4.776,-0.375,3.0971
션 오설리반,AAA,2010,85.0,85.0,4.137,4.641,-0.505,3.0778
션 오설리반,AAA,2011,74.667,74.667,3.4,4.158,-0.758,3.0254
션 오설리반,AAA,2013,115.0,115.0,3.057,3.578,-0.522,3.0479
션 오설리반,AAA,2014,148.667,148.667,4.424,4.649,-0.225,3.1323
션 오설리반,AAA,2015,56.333,56.333,3.435,3.459,-0.023,3.1336
션 오설리반,AAA,2016,105.333,105.333,3.393,3.416,-0.023,3.1466
제이크 브리검,MLB,2015,16.667,16.667,4.094,4.094,0.0,3.1336
제이크 브리검,AAA,2013,113.667,113.667,3.901,4.423,-0.522,3.0479
제이크 브리검,AAA,2014,92.333,92.333,4.508,4.733,-0.225,3.1323
제이크 브리검,AAA,2015,26.0,26.0,3.018,3.042,-0.023,3.1336
세스 프랭코프,MLB,2017,2.0,2.0,7.658,7.658,-0.0,3.1576
세스 프랭코프,AAA,2014,30.667,30.667,4.045,4.613,-0.568,3.1323
세스 프랭코프,AAA,2015,10.667,10.667,7.071,7.537,-0.466,3.1336
세스 프랭코프,AAA,2016,7.333,7.333,4.647,5.221,-0.574,3.1466
세스 프랭코프,AAA,2017,116.667,116.667,4.538,5.101,-0.563,3.1576
팀 아델만,MLB,2016,69.667,69.667,5.3,5.3,0.0,3.1466
팀 아델만,MLB,2017,122.333,122.333,5.871,5.872,-0.0,3.1576
팀 아델만,AAA,2016,56.667,56.667,3.358,3.381,-0.023,3.1466
팀 아델만,AAA,2017,7.0,7.0,3.729,3.909,-0.18,3.1576
리살베르토 보니야,MLB,2014,20.667,20.667,4.632,4.632,0.0,3.1323
리살베르토 보니야,MLB,2017,36.667,36.667,6.43,6.43,-0.0,3.1576
리살베르토 보니야,AAA,2013,43.0,43.0,4.606,5.128,-0.522,3.0479
리살베르토 보니야,AAA,2014,74.667,74.667,3.28,3.848,-0.568,3.1323
리살베르토 보니야,AAA,2016,73.667,73.667,2.848,3.422,-0.574,3.1466
리살베르토 보니야,AAA,2017,62.667,62.667,3.62,3.8,-0.18,3.1576
타일러 윌슨,MLB,2015,36.0,36.0,3.772,3.772,0.0,3.1336
타일러 윌슨,MLB,2016,94.0,94.0,4.944,4.944,0.0,3.1466
타일러 윌슨,MLB,2017,15.333,15.333,5.505,5.505,-0.0,3.1576
타일러 윌슨,AAA,2014,70.0,70.0,3.675,3.901,-0.225,3.1323
타일러 윌슨,AAA,2015,94.333,94.333,3.6,3.623,-0.023,3.1336
타일러 윌슨,AAA,2016,23.667,23.667,2.386,2.409,-0.023,3.1466
타일러 윌슨,AAA,2017,114.0,114.0,4.21,4.39,-0.18,3.1576
펠릭스 듀브론트,MLB,2010,25.0,25.0,4.118,4.118,-0.0,3.0778
펠릭스 듀브론트,MLB,2011,10.333,10.333,5.445,5.445,0.0,3.0254
펠릭스 듀브론트,MLB,2012,161.0,161.0,4.374,4.374,0.0,3.0945
펠릭스 듀브론트,MLB,2013,162.333,162.333,3.781,3.781,0.0,3.0479
펠릭스 듀브론트,MLB,2014,79.667,79.667,5.128,5.128,0.0,3.1323
펠릭스 듀브론트,MLB,2015,75.333,75.333,4.448,4.448,0.0,3.1336
펠릭스 듀브론트,AAA,2010,37.0,37.0,3.213,3.39,-0.177,3.0778
펠릭스 듀브론트,AAA,2011,70.333,70.333,4.333,4.545,-0.211,3.0254
펠릭스 듀브론트,AAA,2015,48.0,48.0,2.738,2.761,-0.023,3.1336
펠릭스 듀브론트,AAA,2017,42.0,42.0,3.824,4.387,-0.563,3.1576
키버스 샘슨,MLB,2015,52.333,52.333,4.758,4.758,0.0,3.1336
키버스 샘슨,MLB,2016,39.333,39.333,6.197,6.197,0.0,3.1466
키버스 샘슨,AAA,2013,38.0,38.0,5.811,6.333,-0.522,3.0479
키버스 샘슨,AAA,2014,91.667,91.667,6.1,6.668,-0.568,3.1323
키버스 샘슨,AAA,2015,39.0,39.0,3.621,3.644,-0.023,3.1336
키버스 샘슨,AAA,2016,62.333,62.333,2.842,2.864,-0.023,3.1466
제이슨 휠러,MLB,2017,3.0,3.0,11.491,11.491,-0.0,3.1576
제이슨 휠러,AAA,2014,5.0,5.0,3.132,3.358,-0.225,3.1323
제이슨 휠러,AAA,2015,78.0,78.0,5.057,5.08,-0.023,3.1336
제이슨 휠러,AAA,2016,145.333,145.333,3.58,3.603,-0.023,3.1466
데이비드 헤일,MLB,2013,11.0,11.0,0.775,0.775,0.0,3.0479
데이비드 헤일,MLB,2014,87.333,87.333,4.312,4.312,0.0,3.1323
데이비드 헤일,MLB,2015,78.333,78.333,4.742,4.742,0.0,3.1336
데이비드 헤일,MLB,2016,2.0,2.0,11.647,11.647,0.0,3.1466
데이비드 헤일,AAA,2013,114.667,114.667,3.737,3.894,-0.157,3.0479
데이비드 헤일,AAA,2015,50.0,50.0,4.074,4.539,-0.466,3.1336
데이비드 헤일,AAA,2017,52.667,52.667,3.12,3.683,-0.563,3.1576
로건 베렛,MLB,2015,47.667,47.667,4.204,4.204,0.0,3.1336
로건 베렛,MLB,2016,91.667,91.667,5.514,5.514,0.0,3.1466
로건 베렛,MLB,2017,10.667,10.667,6.533,6.533,-0.0,3.1576
로건 베렛,AAA,2014,162.0,162.0,3.787,4.355,-0.568,3.1323
로건 베렛,AAA,2015,64.667,64.667,3.628,4.094,-0.466,3.1336
로건 베렛,AAA,2016,12.0,12.0,5.397,5.971,-0.574,3.1466
로건 베렛,AAA,2017,60.0,60.0,4.774,4.954,-0.18,3.1576
왕웨이중,MLB,2014,17.333,17.333,7.69,7.69,0.0,3.1323
왕웨이중,MLB,2017,1.333,1.333,9.908,9.908,-0.0,3.1576
왕웨이중,AAA,2015,6.0,6.0,1.467,1.933,-0.466,3.1336
왕웨이중,AAA,2016,26.0,26.0,2.608,3.182,-0.574,3.1466
왕웨이중,AAA,2017,57.0,57.0,3.473,4.037,-0.563,3.1576
앙헬 산체스,MLB,2017,12.333,12.333,7.049,7.05,-0.0,3.1576
앙헬 산체스,AAA,2015,60.0,60.0,3.667,3.69,-0.023,3.1336
앙헬 산체스,AAA,2017,55.333,55.333,2.615,2.795,-0.18,3.1576
덱 맥과이어,MLB,2017,13.667,13.667,3.158,3.158,-0.0,3.1576
덱 맥과이어,MLB,2018,38.0,38.0,6.95,6.95,-0.0,3.1604
덱 맥과이어,AAA,2015,65.667,65.667,3.621,4.087,-0.466,3.1336
덱 맥과이어,AAA,2016,134.0,134.0,4.856,5.43,-0.574,3.1466
저스틴 헤일리,MLB,2017,18.0,18.0,4.935,4.935,-0.0,3.1576
저스틴 헤일리,MLB,2018,7.667,7.667,7.726,7.726,-0.0,3.1604
저스틴 헤일리,AAA,2016,85.333,85.333,3.779,3.802,-0.023,3.1466
저스틴 헤일리,AAA,2018,113.667,113.667,3.372,3.544,-0.173,3.1604
벤 라이블리,MLB,2017,88.667,88.667,4.973,4.973,-0.0,3.1576
벤 라이블리,MLB,2018,30.333,30.333,4.875,4.875,-0.0,3.1604
벤 라이블리,AAA,2016,117.667,117.667,3.487,3.509,-0.023,3.1466
벤 라이블리,AAA,2017,97.0,97.0,2.673,2.853,-0.18,3.1576
벤 라이블리,AAA,2018,52.0,52.0,3.026,3.198,-0.173,3.1604
케이시 켈리,MLB,2012,29.0,29.0,4.784,4.784,0.0,3.0945
케이시 켈리,MLB,2015,11.333,11.333,4.104,4.104,-0.0,3.1336
케이시 켈리,MLB,2016,21.667,21.667,4.347,4.347,0.0,3.1466
케이시 켈리,MLB,2018,23.667,23.667,4.217,4.217,-0.0,3.1604
케이시 켈리,AAA,2012,12.0,12.0,1.011,1.584,-0.573,3.0945
케이시 켈리,AAA,2015,15.667,15.667,2.687,3.153,-0.466,3.1336
케이시 켈리,AAA,2016,74.0,74.0,4.187,4.21,-0.023,3.1466
케이시 켈리,AAA,2018,136.0,136.0,4.271,4.856,-0.585,3.1604
조 윌랜드,MLB,2012,27.667,27.667,4.793,4.793,0.0,3.0945
조 윌랜드,MLB,2014,11.333,11.333,6.485,6.485,0.0,3.1323
조 윌랜드,MLB,2015,8.667,8.667,6.941,6.941,0.0,3.1336
조 윌랜드,MLB,2016,5.0,5.0,4.547,4.547,0.0,3.1466
조 윌랜드,AAA,2012,7.667,7.667,1.008,1.581,-0.573,3.0945
조 윌랜드,AAA,2014,23.667,23.667,2.498,3.067,-0.568,3.1323
조 윌랜드,AAA,2015,113.667,113.667,3.054,3.52,-0.466,3.1336
조 윌랜드,AAA,2016,124.333,124.333,3.879,4.453,-0.574,3.1466
제이크 톰슨,MLB,2016,53.667,53.667,6.165,6.165,0.0,3.1466
제이크 톰슨,MLB,2017,46.333,46.333,5.92,5.92,-0.0,3.1576
제이크 톰슨,MLB,2018,16.333,16.333,4.262,4.262,-0.0,3.1604
제이크 톰슨,AAA,2016,129.667,129.667,3.802,3.825,-0.023,3.1466
제이크 톰슨,AAA,2017,118.333,118.333,4.222,4.402,-0.18,3.1576
브록 다익손,AAA,2018,74.333,74.333,3.16,3.745,-0.585,3.1604
워릭 서폴드,MLB,2016,9.667,9.667,2.319,2.319,0.0,3.1466
워릭 서폴드,MLB,2017,62.667,62.667,5.392,5.392,-0.0,3.1576
워릭 서폴드,MLB,2018,34.333,34.333,5.811,5.811,-0.0,3.1604
워릭 서폴드,AAA,2015,20.333,20.333,2.543,2.567,-0.023,3.1336
워릭 서폴드,AAA,2016,74.333,74.333,3.295,3.317,-0.023,3.1466
워릭 서폴드,AAA,2017,40.333,40.333,3.505,3.685,-0.18,3.1576
워릭 서폴드,AAA,2018,53.333,53.333,4.192,4.364,-0.173,3.1604
채드 벨,MLB,2017,62.333,62.333,5.468,5.468,-0.0,3.1576
채드 벨,MLB,2018,7.333,7.333,3.842,3.842,-0.0,3.1604
채드 벨,AAA,2012,80.333,80.333,3.953,4.527,-0.573,3.0945
채드 벨,AAA,2014,0.333,0.333,12.132,12.7,-0.568,3.1323
채드 벨,AAA,2017,34.333,34.333,3.449,3.629,-0.18,3.1576
드류 루친스키,MLB,2014,7.333,7.333,2.178,2.178,0.0,3.1323
드류 루친스키,MLB,2015,7.0,7.0,6.848,6.848,0.0,3.1336
드류 루친스키,MLB,2017,4.333,4.333,8.235,8.235,-0.0,3.1576
드류 루친스키,MLB,2018,35.333,35.333,3.811,3.811,-0.0,3.1604
드류 루친스키,AAA,2015,112.333,112.333,5.324,5.789,-0.466,3.1336
드류 루친스키,AAA,2016,155.0,155.0,3.921,4.495,-0.574,3.1466
드류 루친스키,AAA,2017,63.0,63.0,2.491,2.671,-0.18,3.1576
드류 루친스키,AAA,2018,25.0,25.0,2.32,2.905,-0.585,3.1604
에디 버틀러,MLB,2014,16.0,16.0,5.695,5.695,0.0,3.1323
에디 버틀러,MLB,2015,79.333,79.333,5.894,5.894,0.0,3.1336
에디 버틀러,MLB,2016,64.0,64.0,5.443,5.443,0.0,3.1466
에디 버틀러,MLB,2017,54.667,54.667,4.658,4.658,-0.0,3.1576
에디 버틀러,MLB,2018,49.667,49.667,6.14,6.14,-0.0,3.1604
에디 버틀러,AAA,2014,5.333,5.333,3.32,3.888,-0.568,3.1323
에디 버틀러,AAA,2015,63.333,63.333,4.523,4.989,-0.466,3.1336
에디 버틀러,AAA,2016,89.0,89.0,4.551,5.125,-0.574,3.1466
에디 버틀러,AAA,2017,45.667,45.667,3.048,3.611,-0.563,3.1576
에디 버틀러,AAA,2018,13.333,13.333,7.285,7.87,-0.585,3.1604
크리스천 프리드릭,MLB,2012,84.667,84.667,4.63,4.63,0.0,3.0945
크리스천 프리드릭,MLB,2014,24.333,24.333,3.995,3.995,0.0,3.1323
크리스천 프리드릭,MLB,2015,58.333,58.333,4.042,4.042,0.0,3.1336
크리스천 프리드릭,MLB,2016,129.333,129.333,4.159,4.159,0.0,3.1466
크리스천 프리드릭,AAA,2012,30.0,30.0,2.228,2.801,-0.573,3.0945
크리스천 프리드릭,AAA,2013,14.667,14.667,4.48,5.002,-0.522,3.0479
크리스천 프리드릭,AAA,2014,91.333,91.333,4.972,5.54,-0.568,3.1323
크리스천 프리드릭,AAA,2016,9.667,9.667,4.802,5.376,-0.574,3.1466
크리스천 프리드릭,AAA,2017,3.0,3.0,11.158,11.721,-0.563,3.1576
라울 알칸타라,MLB,2016,22.333,22.333,8.206,8.206,0.0,3.1466
라울 알칸타라,MLB,2017,24.0,24.0,6.741,6.741,-0.0,3.1576
라울 알칸타라,AAA,2016,45.667,45.667,2.227,2.801,-0.574,3.1466
라울 알칸타라,AAA,2017,33.667,33.667,2.474,3.038,-0.563,3.1576
라울 알칸타라,AAA,2018,83.333,83.333,4.168,4.753,-0.585,3.1604
에릭 요키시,MLB,2014,14.333,14.333,5.295,5.295,0.0,3.1323
에릭 요키시,AAA,2014,158.333,158.333,2.974,3.542,-0.568,3.1323
에릭 요키시,AAA,2015,70.0,70.0,4.162,4.628,-0.466,3.1336
에릭 요키시,AAA,2017,134.667,134.667,3.922,4.486,-0.563,3.1576
에릭 요키시,AAA,2018,148.667,148.667,3.571,4.156,-0.585,3.1604
크리스 플렉센,MLB,2017,48.0,48.0,6.949,6.949,-0.0,3.1576
크리스 플렉센,MLB,2018,6.333,6.333,9.634,9.634,-0.0,3.1604
크리스 플렉센,MLB,2019,13.667,13.667,5.555,5.555,-0.0,3.214
크리스 플렉센,AAA,2018,92.0,92.0,4.03,4.615,-0.585,3.1604
크리스 플렉센,AAA,2019,78.667,78.667,3.57,3.981,-0.411,3.214
데이비드 뷰캐넌,MLB,2014,117.667,117.667,4.271,4.271,0.0,3.1323
데이비드 뷰캐넌,MLB,2015,74.667,74.667,5.33,5.33,0.0,3.1336
데이비드 뷰캐넌,AAA,2013,39.0,39.0,3.74,3.897,-0.157,3.0479
데이비드 뷰캐넌,AAA,2014,57.0,57.0,3.466,3.691,-0.225,3.1323
데이비드 뷰캐넌,AAA,2015,54.667,54.667,3.829,3.852,-0.023,3.1336
데이비드 뷰캐넌,AAA,2016,167.333,167.333,3.929,3.952,-0.023,3.1466
애런 브룩스,MLB,2014,2.667,2.667,12.132,12.132,0.0,3.1323
애런 브룩스,MLB,2015,55.333,55.333,4.85,4.85,0.0,3.1336
애런 브룩스,MLB,2018,2.667,2.667,4.66,4.66,-0.0,3.1604
애런 브룩스,MLB,2019,110.0,110.0,5.405,5.405,-0.0,3.214
애런 브룩스,AAA,2014,139.0,139.0,3.607,4.175,-0.568,3.1323
애런 브룩스,AAA,2016,16.333,16.333,6.391,6.966,-0.574,3.1466
애런 브룩스,AAA,2018,99.333,99.333,3.563,4.148,-0.585,3.1604
드류 가뇽,MLB,2018,12.0,12.0,5.744,5.744,-0.0,3.1604
드류 가뇽,MLB,2019,23.667,23.667,8.96,8.96,-0.0,3.214
드류 가뇽,AAA,2015,89.667,89.667,5.609,6.075,-0.466,3.1336
드류 가뇽,AAA,2016,55.0,55.0,3.547,4.121,-0.574,3.1466
드류 가뇽,AAA,2017,86.333,86.333,3.633,4.196,-0.563,3.1576
드류 가뇽,AAA,2018,157.667,157.667,3.871,4.456,-0.585,3.1604
드류 가뇽,AAA,2019,88.667,88.667,4.094,4.504,-0.411,3.214
댄 스트레일리,MLB,2012,39.333,39.333,6.476,6.476,0.0,3.0945
댄 스트레일리,MLB,2013,152.333,152.333,4.046,4.046,0.0,3.0479
댄 스트레일리,MLB,2014,52.0,52.0,5.325,5.325,0.0,3.1323
댄 스트레일리,MLB,2015,16.667,16.667,4.634,4.634,0.0,3.1336
댄 스트레일리,MLB,2016,191.333,191.333,4.877,4.877,0.0,3.1466
댄 스트레일리,MLB,2017,181.667,181.667,4.578,4.578,-0.0,3.1576
댄 스트레일리,MLB,2018,122.333,122.333,5.114,5.114,-0.0,3.1604
댄 스트레일리,MLB,2019,47.667,47.667,9.34,9.34,-0.0,3.214
댄 스트레일리,AAA,2012,66.667,66.667,2.119,2.693,-0.573,3.0945
댄 스트레일리,AAA,2013,31.667,31.667,2.227,2.749,-0.522,3.0479
댄 스트레일리,AAA,2015,122.667,122.667,3.199,3.665,-0.466,3.1336
애드리안 샘슨,MLB,2016,4.667,4.667,8.504,8.504,0.0,3.1466
애드리안 샘슨,MLB,2018,23.0,23.0,6.03,6.03,-0.0,3.1604
애드리안 샘슨,MLB,2019,125.333,125.333,5.687,5.687,-0.0,3.214
애드리안 샘슨,AAA,2014,19.0,19.0,4.027,4.252,-0.225,3.1323
애드리안 샘슨,AAA,2016,80.333,80.333,2.923,3.497,-0.574,3.1466
애드리안 샘슨,AAA,2017,10.0,10.0,2.058,2.621,-0.563,3.1576
애드리안 샘슨,AAA,2018,126.667,126.667,3.76,4.345,-0.585,3.1604
오드리사머 데스파이네,MLB,2014,96.333,96.333,3.745,3.745,0.0,3.1323
오드리사머 데스파이네,MLB,2015,125.667,125.667,4.773,4.773,0.0,3.1336
오드리사머 데스파이네,MLB,2016,30.333,30.333,4.993,4.993,0.0,3.1466
오드리사머 데스파이네,MLB,2017,58.333,58.333,4.152,4.152,-0.0,3.1576
오드리사머 데스파이네,MLB,2018,39.0,39.0,4.314,4.314,-0.0,3.1604
오드리사머 데스파이네,MLB,2019,13.333,13.333,6.889,6.889,-0.0,3.214
오드리사머 데스파이네,AAA,2014,23.667,23.667,4.104,4.672,-0.568,3.1323
오드리사머 데스파이네,AAA,2016,88.333,88.333,3.418,3.441,-0.023,3.1466
오드리사머 데스파이네,AAA,2017,70.0,70.0,3.986,4.549,-0.563,3.1576
오드리사머 데스파이네,AAA,2018,43.333,43.333,2.283,2.868,-0.585,3.1604
닉 킹엄,MLB,2018,76.0,76.0,5.647,5.647,-0.0,3.1604
닉 킹엄,MLB,2019,55.667,55.667,5.477,5.477,-0.0,3.214
닉 킹엄,AAA,2014,88.0,88.0,3.496,3.721,-0.225,3.1323
닉 킹엄,AAA,2015,31.333,31.333,3.197,3.221,-0.023,3.1336
닉 킹엄,AAA,2017,113.333,113.333,3.413,3.593,-0.18,3.1576
닉 킹엄,AAA,2018,62.333,62.333,3.401,3.574,-0.173,3.1604
닉 킹엄,AAA,2019,2.0,2.0,18.214,18.625,-0.411,3.214
리카르도 핀토,MLB,2017,29.667,29.667,6.36,6.36,-0.0,3.1576
리카르도 핀토,MLB,2019,2.333,2.333,11.357,11.357,-0.0,3.214
리카르도 핀토,AAA,2017,60.667,60.667,3.388,3.568,-0.18,3.1576
리카르도 핀토,AAA,2018,54.333,54.333,4.817,4.99,-0.173,3.1604
리카르도 핀토,AAA,2019,104.667,104.667,5.192,5.602,-0.411,3.214
아리엘 미란다,MLB,2016,58.0,58.0,5.25,5.25,0.0,3.1466
아리엘 미란다,MLB,2017,160.0,160.0,5.726,5.726,-0.0,3.1576
아리엘 미란다,MLB,2018,5.0,5.0,3.56,3.56,-0.0,3.1604
아리엘 미란다,AAA,2016,100.667,100.667,3.822,3.845,-0.023,3.1466
아리엘 미란다,AAA,2018,45.333,45.333,3.91,4.495,-0.585,3.1604
워커 로켓,MLB,2018,15.0,15.0,7.027,7.027,-0.0,3.1604
워커 로켓,MLB,2019,22.667,22.667,6.17,6.17,-0.0,3.214
워커 로켓,MLB,2020,16.333,16.333,4.538,4.538,-0.0,3.1914
워커 로켓,AAA,2016,18.0,18.0,3.924,4.499,-0.574,3.1466
워커 로켓,AAA,2017,55.333,55.333,4.893,5.456,-0.563,3.1576
워커 로켓,AAA,2018,133.333,133.333,3.993,4.578,-0.585,3.1604
워커 로켓,AAA,2019,59.0,59.0,3.655,4.065,-0.411,3.214
앤드류 수아레즈,MLB,2018,160.333,160.333,4.302,4.302,-0.0,3.1604
앤드류 수아레즈,MLB,2019,32.667,32.667,5.847,5.847,-0.0,3.214
앤드류 수아레즈,MLB,2020,9.667,9.667,5.364,5.364,-0.0,3.1914
앤드류 수아레즈,AAA,2017,88.667,88.667,3.394,3.958,-0.563,3.1576
앤드류 수아레즈,AAA,2018,16.667,16.667,2.5,3.085,-0.585,3.1604
앤드류 수아레즈,AAA,2019,88.0,88.0,4.737,5.319,-0.583,3.214
대니얼 멩덴,MLB,2016,72.0,72.0,4.341,4.341,0.0,3.1466
대니얼 멩덴,MLB,2017,43.0,43.0,4.251,4.251,-0.0,3.1576
대니얼 멩덴,MLB,2018,115.667,115.667,4.691,4.691,-0.0,3.1604
대니얼 멩덴,MLB,2019,59.667,59.667,4.689,4.689,-0.0,3.214
대니얼 멩덴,MLB,2020,12.333,12.333,5.624,5.624,-0.0,3.1914
대니얼 멩덴,AAA,2016,75.333,75.333,2.855,3.429,-0.574,3.1466
대니얼 멩덴,AAA,2017,41.0,41.0,4.328,4.892,-0.563,3.1576
대니얼 멩덴,AAA,2018,45.333,45.333,2.896,3.481,-0.585,3.1604
대니얼 멩덴,AAA,2019,64.0,64.0,3.964,4.547,-0.583,3.214
앤더슨 프랑코,MLB,2019,5.333,5.333,4.714,4.714,-0.0,3.214
앤더슨 프랑코,AAA,2017,9.0,9.0,1.713,1.893,-0.18,3.1576
앤더슨 프랑코,AAA,2018,5.667,5.667,6.69,6.862,-0.173,3.1604
앤더슨 프랑코,AAA,2019,113.0,113.0,5.329,5.912,-0.583,3.214
라이언 카펜터,MLB,2018,22.333,22.333,7.414,7.414,-0.0,3.1604
라이언 카펜터,MLB,2019,40.667,40.667,6.927,6.927,-0.0,3.214
라이언 카펜터,AAA,2016,68.667,68.667,5.375,5.949,-0.574,3.1466
라이언 카펜터,AAA,2017,156.0,156.0,3.658,4.221,-0.563,3.1576
라이언 카펜터,AAA,2018,76.333,76.333,3.553,3.726,-0.173,3.1604
라이언 카펜터,AAA,2019,77.0,77.0,4.422,4.833,-0.411,3.214
웨스 파슨스,MLB,2018,5.0,5.0,6.36,6.36,-0.0,3.1604
웨스 파슨스,MLB,2019,34.667,34.667,6.647,6.647,-0.0,3.214
웨스 파슨스,AAA,2017,8.333,8.333,3.278,3.458,-0.18,3.1576
웨스 파슨스,AAA,2018,88.0,88.0,3.422,3.594,-0.173,3.1604
웨스 파슨스,AAA,2019,56.667,56.667,2.861,3.272,-0.411,3.214
아티 르위키,MLB,2017,10.333,10.333,4.416,4.416,-0.0,3.1576
아티 르위키,MLB,2018,38.667,38.667,4.117,4.117,-0.0,3.1604
아티 르위키,MLB,2020,3.333,3.333,1.091,1.091,-0.0,3.1914
아티 르위키,AAA,2017,31.0,31.0,2.641,2.821,-0.18,3.1576
아티 르위키,AAA,2018,61.667,61.667,3.258,3.43,-0.173,3.1604
샘 가빌리오,MLB,2017,74.333,74.333,5.808,5.808,-0.0,3.1576
샘 가빌리오,MLB,2018,123.667,123.667,4.689,4.689,-0.0,3.1604
샘 가빌리오,MLB,2019,95.667,95.667,4.636,4.636,-0.0,3.214
샘 가빌리오,MLB,2020,3.0,3.0,7.525,7.525,-0.0,3.1914
샘 가빌리오,AAA,2015,101.667,101.667,4.806,5.272,-0.466,3.1336
샘 가빌리오,AAA,2016,63.0,63.0,3.718,4.292,-0.574,3.1466
샘 가빌리오,AAA,2017,72.0,72.0,3.185,3.749,-0.563,3.1576
샘 가빌리오,AAA,2018,29.0,29.0,3.471,3.643,-0.173,3.1604
로버트 스탁,MLB,2018,39.667,39.667,2.707,2.707,-0.0,3.1604
로버트 스탁,MLB,2019,10.667,10.667,5.37,5.37,0.0,3.214
로버트 스탁,MLB,2020,13.333,13.333,3.341,3.341,-0.0,3.1914
로버트 스탁,MLB,2021,9.0,9.0,8.837,8.837,-0.0,3.17
로버트 스탁,AAA,2018,28.333,28.333,3.443,4.028,-0.585,3.1604
로버트 스탁,AAA,2019,28.333,28.333,5.473,6.056,-0.583,3.214
브랜던 워델,MLB,2020,3.333,3.333,3.791,3.791,-0.0,3.1914
브랜던 워델,MLB,2021,9.333,9.333,7.349,7.349,-0.0,3.17
브랜던 워델,AAA,2018,81.667,81.667,3.564,3.737,-0.173,3.1604
브랜던 워델,AAA,2019,61.0,61.0,5.263,5.674,-0.411,3.214
앨버트 수아레즈,MLB,2016,84.0,84.0,4.635,4.635,0.0,3.1466
앨버트 수아레즈,MLB,2017,31.667,31.667,3.789,3.789,-0.0,3.1576
앨버트 수아레즈,AAA,2016,45.667,45.667,3.344,3.918,-0.574,3.1466
앨버트 수아레즈,AAA,2017,3.0,3.0,-0.176,0.387,-0.563,3.1576
앨버트 수아레즈,AAA,2018,63.333,63.333,4.803,5.387,-0.585,3.1604
션 놀린,MLB,2013,1.333,1.333,15.048,15.048,-0.0,3.0479
션 놀린,MLB,2014,1.0,1.0,16.132,16.132,0.0,3.1323
션 놀린,MLB,2015,29.0,29.0,5.134,5.134,0.0,3.1336
션 놀린,MLB,2021,26.667,26.667,5.307,5.308,-0.0,3.17
션 놀린,AAA,2013,17.667,17.667,4.18,4.337,-0.157,3.0479
션 놀린,AAA,2014,87.333,87.333,3.636,3.861,-0.225,3.1323
션 놀린,AAA,2015,47.333,47.333,4.359,4.825,-0.466,3.1336
션 놀린,AAA,2019,79.333,79.333,4.575,5.158,-0.583,3.214
션 놀린,AAA,2021,47.333,47.333,3.973,4.165,-0.193,3.17
찰리 반스,MLB,2021,38.0,38.0,5.065,5.065,-0.0,3.17
찰리 반스,AAA,2019,18.667,18.667,3.964,4.375,-0.411,3.214
찰리 반스,AAA,2021,76.0,76.0,3.92,4.113,-0.193,3.17
글렌 스파크맨,MLB,2017,1.0,1.0,4.158,4.158,-0.0,3.1576
글렌 스파크맨,MLB,2018,38.333,38.333,4.021,4.021,-0.0,3.1604
글렌 스파크맨,MLB,2019,136.0,136.0,5.927,5.927,-0.0,3.214
글렌 스파크맨,MLB,2020,5.0,5.0,2.991,2.991,-0.0,3.1914
글렌 스파크맨,AAA,2017,8.0,8.0,4.408,4.588,-0.18,3.1576
글렌 스파크맨,AAA,2018,67.333,67.333,4.2,4.785,-0.585,3.1604
글렌 스파크맨,AAA,2019,6.333,6.333,2.425,3.007,-0.583,3.214
글렌 스파크맨,AAA,2021,3.0,3.0,3.503,3.696,-0.193,3.17
펠릭스 페냐,MLB,2016,9.0,9.0,2.702,2.702,0.0,3.1466
펠릭스 페냐,MLB,2017,34.333,34.333,5.779,5.779,-0.0,3.1576
펠릭스 페냐,MLB,2018,92.667,92.667,4.045,4.045,-0.0,3.1604
펠릭스 페냐,MLB,2019,96.333,96.333,4.522,4.522,-0.0,3.214
펠릭스 페냐,MLB,2020,26.667,26.667,3.004,3.004,-0.0,3.1914
펠릭스 페냐,MLB,2021,1.667,1.667,7.97,7.97,0.0,3.17
펠릭스 페냐,AAA,2016,63.333,63.333,2.594,3.168,-0.574,3.1466
펠릭스 페냐,AAA,2017,39.0,39.0,4.183,4.746,-0.563,3.1576
펠릭스 페냐,AAA,2018,33.333,33.333,3.55,4.135,-0.585,3.1604
펠릭스 페냐,AAA,2021,68.333,68.333,5.424,6.186,-0.762,3.17
맷 더모디,MLB,2016,3.0,3.0,5.147,5.147,0.0,3.1466
맷 더모디,MLB,2017,22.333,22.333,6.247,6.247,-0.0,3.1576
맷 더모디,MLB,2020,1.0,1.0,1.191,1.191,-0.0,3.1914
맷 더모디,AAA,2016,16.333,16.333,3.33,3.353,-0.023,3.1466
맷 더모디,AAA,2017,43.0,43.0,3.995,4.175,-0.18,3.1576
맷 더모디,AAA,2018,5.0,5.0,3.16,3.333,-0.173,3.1604
맷 더모디,AAA,2019,23.0,23.0,3.997,4.407,-0.411,3.214
웨스 벤자민,MLB,2020,22.333,22.333,4.579,4.579,-0.0,3.1914
웨스 벤자민,MLB,2021,22.667,22.667,7.185,7.185,-0.0,3.17
웨스 벤자민,AAA,2019,135.333,135.333,5.054,5.637,-0.583,3.214
웨스 벤자민,AAA,2021,46.667,46.667,4.649,5.411,-0.762,3.17
이반 노바,MLB,2010,42.0,42.0,4.364,4.364,-0.0,3.0778
이반 노바,MLB,2011,165.333,165.333,4.005,4.005,0.0,3.0254
이반 노바,MLB,2012,170.333,170.333,4.597,4.597,0.0,3.0945
이반 노바,MLB,2013,139.333,139.333,3.471,3.471,0.0,3.0479
이반 노바,MLB,2014,20.667,20.667,6.906,6.906,0.0,3.1323
이반 노바,MLB,2015,94.0,94.0,4.868,4.868,0.0,3.1336
이반 노바,MLB,2016,162.0,162.0,4.11,4.11,0.0,3.1466
이반 노바,MLB,2017,187.0,187.0,4.462,4.462,-0.0,3.1576
이반 노바,MLB,2018,161.0,161.0,4.57,4.57,-0.0,3.1604
이반 노바,MLB,2019,187.0,187.0,4.979,4.979,-0.0,3.214
이반 노바,MLB,2020,19.0,19.0,6.402,6.402,-0.0,3.1914
이반 노바,AAA,2009,67.0,67.0,3.978,4.03,-0.052,3.0971
이반 노바,AAA,2010,145.0,145.0,3.423,3.6,-0.177,3.0778
이반 노바,AAA,2011,16.0,16.0,3.588,3.799,-0.211,3.0254
이반 노바,AAA,2013,17.667,17.667,2.538,2.695,-0.157,3.0479
이반 노바,AAA,2015,11.0,11.0,4.134,4.157,-0.023,3.1336
숀 모리만도,MLB,2016,4.667,4.667,9.789,9.789,0.0,3.1466
숀 모리만도,MLB,2021,10.333,10.333,5.396,5.396,-0.0,3.17
숀 모리만도,AAA,2016,59.0,59.0,3.858,3.881,-0.023,3.1466
숀 모리만도,AAA,2017,159.333,159.333,4.494,4.674,-0.18,3.1576
숀 모리만도,AAA,2019,70.333,70.333,5.119,5.53,-0.411,3.214
숀 모리만도,AAA,2021,89.667,89.667,4.821,5.013,-0.193,3.17
타일러 애플러,AAA,2017,136.333,136.333,4.757,4.937,-0.18,3.1576
타일러 애플러,AAA,2018,153.0,153.0,3.605,3.778,-0.173,3.1604
타일러 애플러,AAA,2021,72.0,72.0,6.726,6.918,-0.193,3.17
딜런 파일,AAA,2021,42.667,42.667,4.529,4.722,-0.193,3.17
딜런 파일,AAA,2022,114.333,114.333,3.952,4.347,-0.395,3.1124
테일러 와이드너,MLB,2020,20.0,20.0,6.491,6.491,-0.0,3.1914
테일러 와이드너,MLB,2021,70.333,70.333,5.559,5.559,-0.0,3.17
테일러 와이드너,MLB,2022,17.333,17.333,4.382,4.382,-0.0,3.1124
테일러 와이드너,AAA,2019,100.0,100.0,5.314,5.897,-0.583,3.214
테일러 와이드너,AAA,2021,4.667,4.667,6.813,7.575,-0.762,3.17
테일러 와이드너,AAA,2022,36.667,36.667,3.303,4.046,-0.743,3.1124
아도니스 메디나,MLB,2020,4.0,4.0,3.441,3.441,-0.0,3.1914
아도니스 메디나,MLB,2021,7.667,7.667,4.344,4.344,-0.0,3.17
아도니스 메디나,MLB,2022,23.667,23.667,4.042,4.042,-0.0,3.1124
아도니스 메디나,AAA,2021,67.667,67.667,4.663,4.855,-0.193,3.17
아도니스 메디나,AAA,2022,31.0,31.0,4.693,5.088,-0.395,3.1124
숀 앤더슨,MLB,2019,96.0,96.0,4.766,4.766,-0.0,3.214
숀 앤더슨,MLB,2020,15.333,15.333,5.735,5.735,-0.0,3.1914
숀 앤더슨,MLB,2021,23.333,23.333,5.57,5.57,-0.0,3.17
숀 앤더슨,MLB,2022,1.0,1.0,3.112,3.112,-0.0,3.1124
숀 앤더슨,AAA,2018,47.333,47.333,3.858,4.443,-0.585,3.1604
숀 앤더슨,AAA,2019,38.333,38.333,3.11,3.692,-0.583,3.214
숀 앤더슨,AAA,2022,88.0,88.0,4.169,4.564,-0.395,3.1124
마리오 산체스,AAA,2019,13.667,13.667,7.312,7.894,-0.583,3.214
마리오 산체스,AAA,2021,8.333,8.333,1.97,2.163,-0.193,3.17
마리오 산체스,AAA,2022,91.333,91.333,4.24,4.635,-0.395,3.1124
애런 윌커슨,MLB,2017,10.333,10.333,3.351,3.351,-0.0,3.1576
애런 윌커슨,MLB,2018,9.0,9.0,8.049,8.049,-0.0,3.1604
애런 윌커슨,MLB,2019,16.0,16.0,6.777,6.777,-0.0,3.214
애런 윌커슨,AAA,2018,72.333,72.333,3.05,3.635,-0.585,3.1604
애런 윌커슨,AAA,2019,76.333,76.333,4.013,4.596,-0.583,3.214
애런 윌커슨,AAA,2021,112.0,112.0,3.081,3.843,-0.762,3.17
버치 스미스,MLB,2013,36.333,36.333,5.47,5.47,0.0,3.0479
버치 스미스,MLB,2018,78.0,78.0,5.378,5.378,-0.0,3.1604
버치 스미스,MLB,2019,21.333,21.333,5.277,5.277,0.0,3.214
버치 스미스,MLB,2020,12.0,12.0,2.358,2.358,-0.0,3.1914
버치 스미스,MLB,2021,43.333,43.333,4.208,4.208,-0.0,3.17
버치 스미스,AAA,2013,61.0,61.0,2.654,3.176,-0.522,3.0479
버치 스미스,AAA,2014,5.333,5.333,9.695,10.263,-0.568,3.1323
버치 스미스,AAA,2017,16.333,16.333,3.158,3.338,-0.18,3.1576
버치 스미스,AAA,2021,5.333,5.333,10.107,10.87,-0.762,3.17
리카르도 산체스,MLB,2020,5.333,5.333,7.504,7.504,-0.0,3.1914
에릭 페디,MLB,2017,15.333,15.333,7.201,7.201,-0.0,3.1576
에릭 페디,MLB,2018,50.333,50.333,4.71,4.71,-0.0,3.1604
에릭 페디,MLB,2019,78.0,78.0,5.342,5.342,-0.0,3.214
에릭 페디,MLB,2020,50.333,50.333,6.152,6.152,-0.0,3.1914
에릭 페디,MLB,2021,133.333,133.333,4.662,4.663,-0.0,3.17
에릭 페디,MLB,2022,127.0,127.0,5.152,5.152,-0.0,3.1124
에릭 페디,AAA,2017,34.0,34.0,3.363,3.543,-0.18,3.1576
에릭 페디,AAA,2018,67.333,67.333,2.507,2.68,-0.173,3.1604
에릭 페디,AAA,2019,10.0,10.0,9.214,9.797,-0.583,3.214
에릭 페디,AAA,2022,4.0,4.0,1.862,2.258,-0.395,3.1124
태너 털리,MLB,2022,6.0,6.0,7.612,7.612,-0.0,3.1124
태너 털리,AAA,2017,7.0,7.0,2.729,2.909,-0.18,3.1576
태너 털리,AAA,2019,14.667,14.667,3.487,3.897,-0.411,3.214
태너 털리,AAA,2021,39.0,39.0,3.888,4.08,-0.193,3.17
태너 털리,AAA,2022,122.0,122.0,3.547,3.942,-0.395,3.1124
보 슐서,MLB,2022,22.333,22.333,4.5,4.5,-0.0,3.1124
보 슐서,AAA,2021,122.667,122.667,5.127,5.319,-0.193,3.17
커크 맥카티,MLB,2022,37.667,37.667,6.643,6.643,-0.0,3.1124
커크 맥카티,AAA,2021,124.0,124.0,5.251,5.443,-0.193,3.17
로에니스 엘리아스,MLB,2014,163.667,163.667,4.03,4.03,0.0,3.1323
로에니스 엘리아스,MLB,2015,115.333,115.333,4.521,4.521,0.0,3.1336
로에니스 엘리아스,MLB,2016,7.667,7.667,7.712,7.712,0.0,3.1466
로에니스 엘리아스,MLB,2017,0.333,0.333,6.158,6.158,-0.0,3.1576
로에니스 엘리아스,MLB,2018,51.0,51.0,3.082,3.082,-0.0,3.1604
로에니스 엘리아스,MLB,2019,50.0,50.0,5.074,5.074,-0.0,3.214
로에니스 엘리아스,MLB,2022,7.667,7.667,4.417,4.417,-0.0,3.1124
로에니스 엘리아스,AAA,2014,5.0,5.0,1.332,1.9,-0.568,3.1323
로에니스 엘리아스,AAA,2015,61.333,61.333,4.585,5.05,-0.466,3.1336
로에니스 엘리아스,AAA,2016,125.0,125.0,3.891,3.913,-0.023,3.1466
로에니스 엘리아스,AAA,2017,34.0,34.0,6.275,6.455,-0.18,3.1576
로에니스 엘리아스,AAA,2022,65.0,65.0,3.897,4.64,-0.743,3.1124
이안 맥키니,AAA,2021,53.667,53.667,5.648,6.411,-0.762,3.17
이안 맥키니,AAA,2022,22.333,22.333,7.993,8.736,-0.743,3.1124
조던 발라조빅,MLB,2023,24.333,24.333,6.008,6.008,-0.0,3.255
조던 발라조빅,AAA,2022,70.667,70.667,6.211,6.607,-0.395,3.1124
조던 발라조빅,AAA,2023,45.667,45.667,4.481,4.799,-0.318,3.255
코너 시볼드,MLB,2021,3.0,3.0,9.503,9.503,-0.0,3.17
코너 시볼드,MLB,2022,18.333,18.333,6.385,6.385,-0.0,3.1124
코너 시볼드,MLB,2023,87.333,87.333,5.751,5.751,-0.0,3.255
코너 시볼드,AAA,2021,54.0,54.0,4.077,4.27,-0.193,3.17
코너 시볼드,AAA,2022,86.667,86.667,2.974,3.369,-0.395,3.1124
코너 시볼드,AAA,2023,31.333,31.333,3.255,3.95,-0.695,3.255
데니 레예스,MLB,2022,7.667,7.667,2.721,2.721,-0.0,3.1124
데니 레예스,MLB,2023,19.667,19.667,4.882,4.882,-0.0,3.255
데니 레예스,AAA,2022,54.0,54.0,4.798,5.193,-0.395,3.1124
데니 레예스,AAA,2023,91.667,91.667,6.266,6.583,-0.318,3.255
디트릭 엔스,MLB,2017,4.0,4.0,9.408,9.408,-0.0,3.1576
디트릭 엔스,MLB,2021,22.333,22.333,2.319,2.319,-0.0,3.17
디트릭 엔스,AAA,2016,65.0,65.0,3.5,3.523,-0.023,3.1466
디트릭 엔스,AAA,2018,68.333,68.333,4.814,4.987,-0.173,3.1604
디트릭 엔스,AAA,2019,137.0,137.0,6.462,7.045,-0.583,3.214
디트릭 엔스,AAA,2021,71.667,71.667,2.905,3.097,-0.193,3.17
엘리에이저 에르난데스,MLB,2018,65.667,65.667,5.292,5.292,-0.0,3.1604
엘리에이저 에르난데스,MLB,2019,82.333,82.333,5.582,5.582,-0.0,3.214
엘리에이저 에르난데스,MLB,2020,25.667,25.667,3.893,3.893,-0.0,3.1914
엘리에이저 에르난데스,MLB,2021,51.667,51.667,5.376,5.376,-0.0,3.17
엘리에이저 에르난데스,MLB,2022,62.333,62.333,6.401,6.401,-0.0,3.1124
엘리에이저 에르난데스,AAA,2018,2.667,2.667,6.535,7.12,-0.585,3.1604
엘리에이저 에르난데스,AAA,2019,48.0,48.0,1.651,2.234,-0.583,3.214
엘리에이저 에르난데스,AAA,2021,21.333,21.333,2.42,2.613,-0.193,3.17
엘리에이저 에르난데스,AAA,2022,57.0,57.0,3.551,3.946,-0.395,3.1124
엘리에이저 에르난데스,AAA,2023,2.0,2.0,12.255,12.573,-0.318,3.255
윌 크로우,MLB,2020,8.333,8.333,12.311,12.312,-0.0,3.1914
윌 크로우,MLB,2021,116.667,116.667,5.673,5.673,-0.0,3.17
윌 크로우,MLB,2022,76.0,76.0,4.31,4.31,-0.0,3.1124
윌 크로우,MLB,2023,9.667,9.667,5.841,5.841,-0.0,3.255
윌 크로우,AAA,2019,54.0,54.0,4.881,5.463,-0.583,3.214
윌 크로우,AAA,2021,1.0,1.0,1.17,1.363,-0.193,3.17
윌 크로우,AAA,2023,27.0,27.0,3.922,4.239,-0.318,3.255
캠 알드레드,MLB,2022,1.0,1.0,1.112,1.112,-0.0,3.1124
캠 알드레드,AAA,2021,12.667,12.667,5.538,5.731,-0.193,3.17
캠 알드레드,AAA,2022,66.333,66.333,3.489,3.885,-0.395,3.1124
캠 알드레드,AAA,2023,105.667,105.667,4.817,5.134,-0.318,3.255
에릭 스타우트,MLB,2018,2.333,2.333,15.16,15.161,-0.0,3.1604
에릭 스타우트,MLB,2022,22.333,22.333,4.59,4.59,-0.0,3.1124
에릭 스타우트,AAA,2017,69.333,69.333,3.677,4.24,-0.563,3.1576
에릭 스타우트,AAA,2018,55.0,55.0,3.56,4.145,-0.585,3.1604
에릭 스타우트,AAA,2019,60.333,60.333,6.711,7.122,-0.411,3.214
에릭 스타우트,AAA,2021,17.667,17.667,8.774,8.966,-0.193,3.17
에릭 스타우트,AAA,2023,40.667,40.667,3.968,4.663,-0.695,3.255
에릭 라우어,MLB,2018,112.0,112.0,4.509,4.509,-0.0,3.1604
에릭 라우어,MLB,2019,149.667,149.667,4.23,4.23,-0.0,3.214
에릭 라우어,MLB,2020,11.0,11.0,6.373,6.373,-0.0,3.1914
에릭 라우어,MLB,2021,118.667,118.667,4.038,4.038,-0.0,3.17
에릭 라우어,MLB,2022,158.667,158.667,4.499,4.499,-0.0,3.1124
에릭 라우어,MLB,2023,46.667,46.667,7.412,7.412,-0.0,3.255
에릭 라우어,AAA,2018,21.333,21.333,3.114,3.698,-0.585,3.1604
에릭 라우어,AAA,2021,5.0,5.0,-0.43,-0.237,-0.193,3.17
에릭 라우어,AAA,2023,43.667,43.667,3.828,4.145,-0.318,3.255
제임스 네일,MLB,2022,9.0,9.0,5.557,5.557,-0.0,3.1124
제임스 네일,MLB,2023,15.333,15.333,4.951,4.951,-0.0,3.255
제임스 네일,AAA,2016,11.0,11.0,4.965,5.539,-0.574,3.1466
제임스 네일,AAA,2018,135.667,135.667,4.259,4.844,-0.585,3.1604
제임스 네일,AAA,2019,16.333,16.333,6.459,7.042,-0.583,3.214
제임스 네일,AAA,2021,62.333,62.333,3.86,4.622,-0.762,3.17
제임스 네일,AAA,2022,73.333,73.333,3.317,3.712,-0.395,3.1124
제임스 네일,AAA,2023,59.0,59.0,3.611,3.929,-0.318,3.255
다니엘 카스타노,MLB,2020,29.667,29.667,4.809,4.809,-0.0,3.1914
다니엘 카스타노,MLB,2021,20.333,20.333,5.137,5.137,-0.0,3.17
다니엘 카스타노,MLB,2022,35.667,35.667,4.739,4.739,-0.0,3.1124
다니엘 카스타노,MLB,2023,3.0,3.0,12.255,12.255,-0.0,3.255
다니엘 카스타노,AAA,2021,78.333,78.333,5.213,5.405,-0.193,3.17
다니엘 카스타노,AAA,2022,34.0,34.0,5.759,6.155,-0.395,3.1124
다니엘 카스타노,AAA,2023,61.667,61.667,4.844,5.162,-0.318,3.255
카일 하트,MLB,2020,11.0,11.0,8.282,8.282,-0.0,3.1914
카일 하트,AAA,2019,100.333,100.333,3.912,4.322,-0.411,3.214
카일 하트,AAA,2021,106.667,106.667,5.345,5.538,-0.193,3.17
카일 하트,AAA,2022,38.333,38.333,5.382,5.777,-0.395,3.1124
라이언 와이스,AAA,2021,30.333,30.333,3.005,3.767,-0.762,3.17
라이언 와이스,AAA,2023,14.0,14.0,8.184,8.501,-0.318,3.255
하이메 바리아,MLB,2018,129.333,129.333,4.583,4.583,-0.0,3.1604
하이메 바리아,MLB,2019,82.667,82.667,6.226,6.226,-0.0,3.214
하이메 바리아,MLB,2020,32.333,32.333,3.655,3.655,-0.0,3.1914
하이메 바리아,MLB,2021,56.667,56.667,4.882,4.882,-0.0,3.17
하이메 바리아,MLB,2022,79.333,79.333,4.386,4.386,-0.0,3.1124
하이메 바리아,MLB,2023,82.333,82.333,6.073,6.073,-0.0,3.255
하이메 바리아,AAA,2017,14.667,14.667,2.203,2.766,-0.563,3.1576
하이메 바리아,AAA,2018,18.0,18.0,3.494,4.079,-0.585,3.1604
하이메 바리아,AAA,2019,48.333,48.333,6.442,7.024,-0.583,3.214
하이메 바리아,AAA,2021,49.0,49.0,4.986,5.749,-0.762,3.17
로버트 더거,MLB,2019,34.333,34.333,5.952,5.952,-0.0,3.214
로버트 더거,MLB,2020,10.667,10.667,9.379,9.379,0.0,3.1914
로버트 더거,MLB,2021,25.667,25.667,5.235,5.235,-0.0,3.17
로버트 더거,MLB,2022,16.0,16.0,4.487,4.487,-0.0,3.1124
로버트 더거,AAA,2016,4.0,4.0,1.147,1.721,-0.574,3.1466
로버트 더거,AAA,2019,53.333,53.333,5.426,6.009,-0.583,3.214
로버트 더거,AAA,2021,69.333,69.333,4.656,5.418,-0.762,3.17
로버트 더거,AAA,2023,146.333,146.333,4.191,4.886,-0.695,3.255
드류 앤더슨,MLB,2017,2.333,2.333,2.729,2.729,-0.0,3.1576
드류 앤더슨,MLB,2018,12.667,12.667,2.371,2.371,-0.0,3.1604
드류 앤더슨,MLB,2019,6.0,6.0,6.381,6.381,-0.0,3.214
드류 앤더슨,MLB,2020,1.333,1.333,24.191,24.192,-0.0,3.1914
드류 앤더슨,MLB,2021,22.0,22.0,3.897,3.897,-0.0,3.17
드류 앤더슨,AAA,2017,6.667,6.667,4.358,4.538,-0.18,3.1576
드류 앤더슨,AAA,2018,104.667,104.667,4.355,4.527,-0.173,3.1604
드류 앤더슨,AAA,2019,48.333,48.333,5.904,6.314,-0.411,3.214
드류 앤더슨,AAA,2021,70.667,70.667,3.439,4.201,-0.762,3.17
콜 어빈,MLB,2019,41.667,41.667,5.062,5.062,-0.0,3.214
콜 어빈,MLB,2020,3.667,3.667,5.373,5.373,-0.0,3.1914
콜 어빈,MLB,2021,178.333,178.333,4.303,4.303,-0.0,3.17
콜 어빈,MLB,2022,181.0,181.0,4.206,4.206,-0.0,3.1124
콜 어빈,MLB,2023,77.333,77.333,4.432,4.432,-0.0,3.255
콜 어빈,MLB,2024,111.0,111.0,4.815,4.815,0.0,3.1665
콜 어빈,AAA,2018,161.333,161.333,3.129,3.302,-0.173,3.1604
콜 어빈,AAA,2019,93.667,93.667,4.143,4.554,-0.411,3.214
콜 어빈,AAA,2023,49.333,49.333,4.937,5.255,-0.318,3.255
콜 어빈,AAA,2024,6.667,6.667,4.816,5.219,-0.403,3.1665
잭 로그,MLB,2022,57.0,57.0,5.762,5.762,-0.0,3.1124
잭 로그,MLB,2023,11.0,11.0,5.528,5.528,-0.0,3.255
잭 로그,MLB,2024,2.0,2.0,5.667,5.666,0.0,3.1665
잭 로그,AAA,2019,3.333,3.333,5.314,5.725,-0.411,3.214
잭 로그,AAA,2021,89.333,89.333,3.371,3.564,-0.193,3.17
잭 로그,AAA,2022,78.667,78.667,7.46,8.203,-0.743,3.1124
잭 로그,AAA,2023,90.333,90.333,5.845,6.163,-0.318,3.255
헤르손 가라비토,MLB,2024,26.333,26.333,5.293,5.293,0.0,3.1665
헤르손 가라비토,AAA,2021,42.0,42.0,5.765,6.528,-0.762,3.17
헤르손 가라비토,AAA,2024,55.333,55.333,3.673,4.341,-0.668,3.1665
요니 치리노스,MLB,2018,89.667,89.667,3.506,3.506,-0.0,3.1604
요니 치리노스,MLB,2019,133.333,133.333,4.444,4.444,-0.0,3.214
요니 치리노스,MLB,2020,11.333,11.333,5.309,5.309,-0.0,3.1914
요니 치리노스,MLB,2022,7.0,7.0,2.255,2.255,-0.0,3.1124
요니 치리노스,MLB,2023,85.0,85.0,5.431,5.432,-0.0,3.255
요니 치리노스,MLB,2024,30.0,30.0,6.133,6.133,0.0,3.1665
요니 치리노스,AAA,2017,141.0,141.0,2.888,3.068,-0.18,3.1576
요니 치리노스,AAA,2018,30.667,30.667,4.791,4.964,-0.173,3.1604
요니 치리노스,AAA,2022,16.0,16.0,4.237,4.633,-0.395,3.1124
요니 치리노스,AAA,2023,19.333,19.333,3.565,3.883,-0.318,3.255
요니 치리노스,AAA,2024,110.667,110.667,3.907,4.31,-0.403,3.1665
애덤 올러,MLB,2022,74.333,74.333,6.503,6.503,-0.0,3.1124
애덤 올러,MLB,2023,19.667,19.667,7.221,7.221,-0.0,3.255
애덤 올러,MLB,2024,42.333,42.333,5.316,5.316,0.0,3.1665
애덤 올러,AAA,2021,44.0,44.0,3.147,3.34,-0.193,3.17
애덤 올러,AAA,2022,31.667,31.667,2.797,3.539,-0.743,3.1124
터커 데이비드슨,MLB,2020,1.667,1.667,15.791,15.791,0.0,3.1914
터커 데이비드슨,MLB,2021,20.0,20.0,4.52,4.52,-0.0,3.17
터커 데이비드슨,MLB,2022,52.0,52.0,5.785,5.786,-0.0,3.1124
터커 데이비드슨,MLB,2023,51.333,51.333,4.268,4.268,-0.0,3.255
터커 데이비드슨,MLB,2024,4.667,4.667,4.024,4.024,0.0,3.1665
터커 데이비드슨,AAA,2019,19.0,19.0,3.688,4.098,-0.411,3.214
터커 데이비드슨,AAA,2021,23.0,23.0,2.518,2.71,-0.193,3.17
터커 데이비드슨,AAA,2022,80.333,80.333,3.959,4.354,-0.395,3.1124
터커 데이비드슨,AAA,2024,115.667,115.667,4.524,4.926,-0.403,3.1665
빈스 벨라스케즈,MLB,2015,55.667,55.667,3.457,3.457,0.0,3.1336
빈스 벨라스케즈,MLB,2016,131.0,131.0,3.963,3.963,0.0,3.1466
빈스 벨라스케즈,MLB,2017,72.0,72.0,5.519,5.519,-0.0,3.1576
빈스 벨라스케즈,MLB,2018,146.667,146.667,3.754,3.754,-0.0,3.1604
빈스 벨라스케즈,MLB,2019,117.333,117.333,5.208,5.208,-0.0,3.214
빈스 벨라스케즈,MLB,2020,34.0,34.0,4.162,4.162,-0.0,3.1914
빈스 벨라스케즈,MLB,2021,94.333,94.333,5.884,5.884,-0.0,3.17
빈스 벨라스케즈,MLB,2022,75.333,75.333,4.254,4.254,-0.0,3.1124
빈스 벨라스케즈,MLB,2023,37.333,37.333,3.871,3.871,-0.0,3.255
빈스 벨라스케즈,AAA,2017,2.0,2.0,4.658,4.838,-0.18,3.1576
빈스 벨라스케즈,AAA,2021,6.667,6.667,2.87,3.063,-0.193,3.17
빈스 벨라스케즈,AAA,2022,5.667,5.667,2.759,3.155,-0.395,3.1124
빈스 벨라스케즈,AAA,2023,4.667,4.667,3.041,3.358,-0.318,3.255
알렉 감보아,AAA,2023,40.333,40.333,4.247,4.941,-0.695,3.255
알렉 감보아,AAA,2024,73.667,73.667,3.614,4.283,-0.668,3.1665
코디 폰세,MLB,2020,17.0,17.0,6.662,6.662,-0.0,3.1914
코디 폰세,MLB,2021,38.333,38.333,4.944,4.944,-0.0,3.17
코디 폰세,AAA,2019,18.667,18.667,4.982,5.393,-0.411,3.214
코디 폰세,AAA,2021,57.333,57.333,4.025,4.217,-0.193,3.17
로건 앨런,MLB,2019,27.667,27.667,5.491,5.491,-0.0,3.214
로건 앨런,MLB,2020,10.667,10.667,5.348,5.348,-0.0,3.1914
로건 앨런,MLB,2021,50.333,50.333,6.051,6.051,-0.0,3.17
로건 앨런,MLB,2022,7.667,7.667,3.634,3.634,-0.0,3.1124
로건 앨런,MLB,2024,28.0,28.0,4.345,4.345,0.0,3.1665
로건 앨런,AAA,2018,27.667,27.667,4.57,5.155,-0.585,3.1604
로건 앨런,AAA,2021,48.667,48.667,5.471,5.664,-0.193,3.17
로건 앨런,AAA,2024,96.333,96.333,4.474,5.143,-0.668,3.1665
라일리 톰프슨,AAA,2023,81.333,81.333,5.763,6.081,-0.318,3.255
라일리 톰프슨,AAA,2024,107.333,107.333,4.48,4.883,-0.403,3.1665
패트릭 머피,MLB,2020,6.0,6.0,2.525,2.525,-0.0,3.1914
패트릭 머피,MLB,2021,28.0,28.0,3.991,3.991,-0.0,3.17
패트릭 머피,MLB,2022,5.667,5.667,5.936,5.936,-0.0,3.1124
패트릭 머피,AAA,2022,63.0,63.0,3.7,4.095,-0.395,3.1124
패트릭 머피,AAA,2023,85.333,85.333,4.087,4.405,-0.318,3.255
미치 화이트,MLB,2020,3.0,3.0,2.858,2.858,-0.0,3.1914
미치 화이트,MLB,2021,46.667,46.667,3.834,3.834,-0.0,3.17
미치 화이트,MLB,2022,99.0,99.0,3.87,3.87,-0.0,3.1124
미치 화이트,MLB,2023,12.667,12.667,4.913,4.913,-0.0,3.255
미치 화이트,MLB,2024,23.667,23.667,6.04,6.04,0.0,3.1665
미치 화이트,AAA,2019,63.667,63.667,4.91,5.493,-0.583,3.214
미치 화이트,AAA,2021,32.0,32.0,2.264,3.026,-0.762,3.17
미치 화이트,AAA,2023,55.667,55.667,4.836,5.153,-0.318,3.255
미치 화이트,AAA,2024,57.667,57.667,2.664,3.066,-0.403,3.1665
라이언 타투스코,AAA,2011,39.667,39.667,3.53,3.741,-0.211,3.0254
라이언 타투스코,AAA,2013,120.667,120.667,4.183,4.34,-0.157,3.0479
윌리엄 쿠에바스,MLB,2016,5.0,5.0,5.547,5.547,0.0,3.1466
윌리엄 쿠에바스,MLB,2017,0.333,0.333,6.158,6.158,-0.0,3.1576
윌리엄 쿠에바스,MLB,2018,17.0,17.0,5.749,5.749,-0.0,3.1604
윌리엄 쿠에바스,AAA,2015,41.0,41.0,3.378,3.401,-0.023,3.1336
윌리엄 쿠에바스,AAA,2016,131.0,131.0,4.78,4.803,-0.023,3.1466
윌리엄 쿠에바스,AAA,2018,135.333,135.333,3.958,4.131,-0.173,3.1604
마이크 라이트,MLB,2015,44.667,44.667,6.134,6.134,0.0,3.1336
마이크 라이트,MLB,2016,74.667,74.667,5.303,5.303,0.0,3.1466
마이크 라이트,MLB,2017,25.0,25.0,4.718,4.718,-0.0,3.1576
마이크 라이트,MLB,2018,84.333,84.333,4.785,4.785,-0.0,3.1604
마이크 라이트,MLB,2019,29.333,29.333,5.259,5.259,-0.0,3.214
마이크 라이트,AAA,2013,6.667,6.667,2.448,2.605,-0.157,3.0479
마이크 라이트,AAA,2014,142.667,142.667,3.567,3.792,-0.225,3.1323
마이크 라이트,AAA,2015,81.0,81.0,3.257,3.28,-0.023,3.1336
마이크 라이트,AAA,2016,76.333,76.333,3.841,3.864,-0.023,3.1466
마이크 라이트,AAA,2017,83.0,83.0,3.471,3.651,-0.18,3.1576
마이크 라이트,AAA,2019,58.0,58.0,3.162,3.745,-0.583,3.214
윌머 폰트,MLB,2012,2.0,2.0,8.095,8.094,0.0,3.0945
윌머 폰트,MLB,2013,1.333,1.333,7.548,7.548,-0.0,3.0479
윌머 폰트,MLB,2017,3.667,3.667,11.885,11.885,0.0,3.1576
윌머 폰트,MLB,2018,44.0,44.0,6.229,6.229,-0.0,3.1604
윌머 폰트,MLB,2019,84.333,84.333,4.72,4.72,-0.0,3.214
윌머 폰트,MLB,2020,16.333,16.333,4.783,4.783,-0.0,3.1914
윌머 폰트,AAA,2013,20.0,20.0,2.248,2.77,-0.522,3.0479
윌머 폰트,AAA,2016,19.333,19.333,4.078,4.1,-0.023,3.1466
윌머 폰트,AAA,2017,134.333,134.333,2.421,2.984,-0.563,3.1576
토마스 파노니,MLB,2018,43.0,43.0,5.114,5.114,-0.0,3.1604
토마스 파노니,MLB,2019,73.0,73.0,5.159,5.159,-0.0,3.214
토마스 파노니,AAA,2018,36.667,36.667,4.469,4.642,-0.173,3.1604
토마스 파노니,AAA,2019,33.667,33.667,3.838,4.248,-0.411,3.214
토마스 파노니,AAA,2021,118.333,118.333,5.485,6.248,-0.762,3.17
예프리 라미레즈,MLB,2018,65.333,65.333,5.288,5.288,-0.0,3.1604
예프리 라미레즈,MLB,2019,24.333,24.333,5.598,5.598,-0.0,3.214
예프리 라미레즈,MLB,2021,2.0,2.0,2.67,2.67,-0.0,3.17
예프리 라미레즈,AAA,2018,72.0,72.0,3.508,3.68,-0.173,3.1604
예프리 라미레즈,AAA,2021,113.0,113.0,4.285,5.047,-0.762,3.17
아리엘 후라도,MLB,2018,54.667,54.667,5.008,5.008,-0.0,3.1604
아리엘 후라도,MLB,2019,122.333,122.333,5.102,5.102,-0.0,3.214
아리엘 후라도,MLB,2020,4.0,4.0,5.441,5.441,-0.0,3.1914
아리엘 후라도,AAA,2019,22.667,22.667,2.243,2.826,-0.583,3.214
아리엘 후라도,AAA,2022,53.333,53.333,3.9,4.295,-0.395,3.1124
엔마누엘 데 헤이수스,MLB,2023,6.333,6.333,4.992,4.992,-0.0,3.255
엔마누엘 데 헤이수스,AAA,2021,5.0,5.0,7.77,7.963,-0.193,3.17
엔마누엘 데 헤이수스,AAA,2022,101.667,101.667,3.998,4.741,-0.743,3.1124
엔마누엘 데 헤이수스,AAA,2023,84.667,84.667,5.216,5.533,-0.318,3.255
제이콥 터너,MLB,2011,12.667,12.667,6.025,6.025,0.0,3.0254
제이콥 터너,MLB,2012,55.0,55.0,4.785,4.785,0.0,3.0945
제이콥 터너,MLB,2013,118.0,118.0,4.429,4.429,0.0,3.0479
제이콥 터너,MLB,2014,113.0,113.0,4.159,4.159,0.0,3.1323
제이콥 터너,MLB,2016,24.667,24.667,6.511,6.511,0.0,3.1466
제이콥 터너,MLB,2017,39.0,39.0,5.876,5.876,-0.0,3.1576
제이콥 터너,MLB,2018,6.667,6.667,8.86,8.86,0.0,3.1604
제이콥 터너,AAA,2011,17.333,17.333,1.987,2.198,-0.211,3.0254
제이콥 터너,AAA,2013,56.333,56.333,4.326,4.848,-0.522,3.0479
제이콥 터너,AAA,2016,107.0,107.0,3.67,3.693,-0.023,3.1466
제이콥 터너,AAA,2017,65.667,65.667,4.224,4.404,-0.18,3.1576
케니 로젠버그,MLB,2022,10.667,10.667,4.519,4.519,-0.0,3.1124
케니 로젠버그,MLB,2023,33.0,33.0,4.043,4.043,-0.0,3.255
케니 로젠버그,MLB,2024,24.0,24.0,5.458,5.458,0.0,3.1665
케니 로젠버그,AAA,2019,5.0,5.0,5.814,6.225,-0.411,3.214
케니 로젠버그,AAA,2021,30.667,30.667,3.235,3.428,-0.193,3.17
케니 로젠버그,AAA,2022,62.667,62.667,4.485,5.228,-0.743,3.1124
케니 로젠버그,AAA,2023,100.0,100.0,4.175,4.87,-0.695,3.255
케니 로젠버그,AAA,2024,115.333,115.333,5.256,5.924,-0.668,3.1665
조시 스미스,MLB,2015,32.667,32.667,5.674,5.674,0.0,3.1336
조시 스미스,MLB,2016,59.667,59.667,5.292,5.292,0.0,3.1466
조시 스미스,MLB,2017,35.0,35.0,4.129,4.129,-0.0,3.1576
조시 스미스,MLB,2019,31.0,31.0,6.601,6.601,-0.0,3.214
조시 스미스,MLB,2020,26.333,26.333,4.672,4.672,-0.0,3.1914
조시 스미스,AAA,2014,159.0,159.0,3.617,3.842,-0.225,3.1323
조시 스미스,AAA,2015,86.333,86.333,2.879,2.902,-0.023,3.1336
조시 스미스,AAA,2016,45.0,45.0,3.835,3.858,-0.023,3.1466
조시 스미스,AAA,2017,41.333,41.333,3.303,3.866,-0.563,3.1576
조시 스미스,AAA,2019,67.333,67.333,3.897,4.308,-0.411,3.214
파커 마켈,AAA,2015,7.333,7.333,5.043,5.066,-0.023,3.1336
파커 마켈,AAA,2016,60.667,60.667,3.344,3.367,-0.023,3.1466
에니 로메로,MLB,2013,4.667,4.667,5.619,5.619,0.0,3.0479
에니 로메로,MLB,2015,30.0,30.0,2.8,2.8,0.0,3.1336
에니 로메로,MLB,2016,45.667,45.667,4.789,4.789,0.0,3.1466
에니 로메로,MLB,2017,55.667,55.667,3.858,3.858,-0.0,3.1576
에니 로메로,MLB,2018,10.0,10.0,8.46,8.46,-0.0,3.1604
에니 로메로,AAA,2013,8.0,8.0,3.298,3.455,-0.157,3.0479
에니 로메로,AAA,2014,126.0,126.0,3.902,4.128,-0.225,3.1323
에니 로메로,AAA,2015,46.333,46.333,3.759,3.783,-0.023,3.1336
에니 로메로,AAA,2017,6.333,6.333,1.105,1.285,-0.18,3.1576
에니 로메로,AAA,2018,4.333,4.333,7.314,7.487,-0.173,3.1604
