선수명,Year,Team,Age,Pos,G,GS,GR,GF,CG,SHO,W,L,S,HD,IP,ER,R,rRA,TBF,H,2B,3B,HR,BB,HP,IB,SO,ROE,BK,WP,ERA,RA9,rRA9,FIP,WHIP,WAR
크리스 볼스테드,2014,두산,27,P,17,17,0,1,1,0,5,7,0,0,87.0,60,70,68.30,410,116,20,2,8,37,7,0,32,6,0,4,6.21,7.24,7.03,6.00,1.76,-0.05
유네스키 마야,2014,두산,33,P,11,11,0,1,1,0,2,4,0,0,63.0,34,36,33.95,278,67,10,0,6,24,4,0,54,2,0,2,4.86,5.14,4.85,4.62,1.44,1.31
유네스키 마야,2015,두산,34,P,13,13,0,1,1,1,2,5,0,0,68.1,62,62,59.95,317,83,13,3,6,31,5,2,62,0,3,0,8.17,8.17,7.90,4.41,1.67,-0.48
J.D. 마틴,2014,삼성,30,P,23,22,1,0,0,0,9,6,0,0,128.0,68,69,65.05,562,148,36,0,10,31,7,1,84,4,2,2,4.78,4.85,4.57,4.46,1.40,3.46
코리 리오단,2014,LG,28,P,28,28,0,2,2,1,9,10,0,0,168.0,74,80,78.30,707,177,32,5,13,37,10,1,77,7,0,8,3.96,4.29,4.19,4.88,1.27,4.31
에버렛 티포드,2014,LG,29,P,20,19,1,0,0,0,5,6,0,0,99.2,58,64,60.25,455,105,14,2,9,51,6,2,85,6,0,2,5.24,5.78,5.44,4.91,1.57,1.42
하이로 어센시오,2014,KIA,30,P,46,0,46,41,0,0,4,1,20,0,46.2,21,24,26.60,207,49,12,1,5,14,2,0,56,6,0,5,4.05,4.63,5.13,3.59,1.35,0.85
저스틴 토마스,2014,KIA,29,P,10,9,1,1,0,0,2,2,0,0,46.2,23,26,26.00,210,55,9,0,3,19,1,1,51,4,0,0,4.44,5.01,5.01,3.55,1.59,0.98
케일럽 클레이,2014,한화,25,P,10,10,0,0,0,0,3,4,0,0,40.0,37,40,37.90,204,62,7,4,8,25,3,0,20,2,0,0,8.33,9.00,8.53,7.55,2.17,-0.13
앤드루 앨버스,2014,한화,28,P,28,28,0,1,1,1,6,13,0,0,151.1,99,108,100.05,673,200,35,7,18,40,4,0,107,5,0,9,5.89,6.42,5.95,4.80,1.59,2.15
라이언 타투스코,2014,한화,28,P,14,12,2,1,1,0,2,6,0,0,63.2,50,51,44.95,299,64,9,2,7,45,6,0,49,1,0,10,7.07,7.21,6.35,6.12,1.71,0.66
테드 웨버,2014,NC,29,P,24,23,1,1,1,0,9,6,0,0,118.0,60,66,63.25,512,132,25,0,13,42,3,0,85,3,2,5,4.58,5.03,4.82,4.95,1.47,2.57
트레비스 밴와트,2014,SK,28,P,11,11,0,0,0,0,9,1,0,0,66.2,23,27,27.00,282,56,7,1,6,26,5,1,56,4,0,1,3.11,3.65,3.65,4.67,1.23,2.28
트레비스 밴와트,2015,SK,29,P,12,12,0,0,0,0,5,3,0,0,56.1,29,29,29.00,245,70,15,1,5,13,2,0,50,0,1,2,4.63,4.63,4.63,3.76,1.47,1.13
트레비스 밴와트,2016,KT,30,P,28,27,1,0,0,0,6,13,0,0,134.2,89,103,97.50,614,172,27,4,21,49,4,0,92,11,0,6,5.95,6.88,6.52,5.61,1.64,1.34
로스 울프,2014,SK,31,P,23,13,10,9,0,0,2,2,4,0,85.1,46,48,42.20,364,88,17,0,10,27,6,0,41,2,0,1,4.85,5.06,4.45,5.65,1.35,2.23
앤서니 스와잭,2015,두산,29,P,20,17,3,2,0,0,5,7,0,1,92.1,54,57,55.10,414,110,19,1,9,30,4,1,72,5,1,4,5.26,5.56,5.37,4.41,1.52,0.91
타일러 클로이드,2015,삼성,27,P,28,28,0,0,0,0,11,11,0,0,159.2,92,103,100.80,705,190,36,0,24,38,12,0,123,10,1,3,5.19,5.81,5.68,4.93,1.43,1.91
알프레도 피가로,2015,삼성,30,P,25,25,0,1,1,0,13,7,0,0,165.0,62,66,64.80,688,154,26,3,16,51,7,0,117,7,0,6,3.38,3.60,3.53,4.56,1.24,5.32
루카스 하렐,2015,LG,29,P,33,30,3,0,0,0,10,11,0,1,171.2,94,103,94.00,785,175,21,1,11,108,14,4,151,7,1,11,4.93,5.40,4.93,4.84,1.65,2.67
조쉬 스틴슨,2015,KIA,26,P,32,30,2,2,0,0,11,10,0,0,167.0,92,100,95.35,756,190,30,6,15,64,14,0,93,13,0,4,4.96,5.39,5.14,5.22,1.52,2.57
에반 믹,2015,KIA,31,P,16,1,15,4,0,0,4,0,0,4,26.1,13,15,15.50,115,30,3,0,0,13,1,0,25,0,0,4,4.44,5.13,5.30,3.37,1.63,0.25
브룩스 레일리,2015,롯데,27,P,31,30,1,1,1,0,11,9,0,0,179.1,78,93,89.70,768,182,27,2,20,57,15,2,134,9,2,13,3.91,4.67,4.50,4.78,1.33,4.61
브룩스 레일리,2016,롯데,28,P,31,31,0,1,1,1,8,10,0,0,184.2,89,105,102.75,808,207,36,4,21,51,17,1,147,11,2,5,4.34,5.12,5.01,4.73,1.40,4.32
브룩스 레일리,2017,롯데,29,P,30,30,0,1,1,0,13,7,0,0,187.1,79,87,83.10,798,199,39,2,19,44,17,0,156,8,1,3,3.80,4.18,3.99,4.34,1.30,5.55
브룩스 레일리,2018,롯데,30,P,30,30,0,0,0,0,11,13,0,0,178.1,94,106,103.75,775,180,34,4,24,54,18,1,178,8,2,4,4.74,5.35,5.24,4.69,1.31,3.66
브룩스 레일리,2019,롯데,31,P,30,30,0,0,0,0,5,14,0,0,181.0,78,88,83.20,791,191,32,4,10,65,8,1,140,12,1,10,3.88,4.38,4.14,3.78,1.41,3.81
조쉬 린드블럼,2015,롯데,28,P,32,32,0,2,2,1,13,11,0,0,210.0,83,86,83.75,861,196,32,3,28,52,12,0,180,9,0,12,3.56,3.69,3.59,4.48,1.18,7.35
조쉬 린드블럼,2016,롯데,29,P,30,30,0,1,1,0,10,13,0,0,177.1,104,109,108.30,791,197,36,6,28,77,9,0,148,6,0,7,5.28,5.53,5.50,5.54,1.55,3.39
조쉬 린드블럼,2017,롯데,30,P,12,12,0,0,0,0,5,3,0,0,72.2,30,31,31.00,296,66,10,1,10,18,2,0,76,1,2,3,3.72,3.84,3.84,4.08,1.16,2.45
조쉬 린드블럼,2018,두산,31,P,26,26,0,0,0,0,15,4,0,0,168.2,54,56,56.00,681,142,33,2,16,38,8,0,157,4,0,10,2.88,2.99,2.99,3.99,1.07,6.71
조쉬 린드블럼,2019,두산,32,P,30,30,0,0,0,0,20,3,0,0,194.2,54,57,55.95,773,165,22,3,13,29,6,0,189,9,0,7,2.50,2.64,2.59,2.73,1.00,6.75
에스밀 로저스,2015,한화,30,P,10,10,0,4,4,3,6,2,0,0,75.2,25,26,23.75,296,62,8,2,2,20,4,0,60,1,1,1,2.97,3.09,2.82,3.41,1.08,3.07
에스밀 로저스,2016,한화,31,P,6,6,0,1,1,0,2,3,0,0,37.2,18,22,21.50,160,42,8,0,3,12,2,0,24,3,3,0,4.30,5.26,5.14,4.75,1.43,0.81
에스밀 로저스,2018,넥센,33,P,13,13,0,1,1,0,5,4,0,0,83.0,35,40,39.15,345,89,7,4,7,16,5,0,65,3,0,8,3.80,4.34,4.25,4.18,1.27,2.38
재크 스튜어트,2015,NC,29,P,19,19,0,0,0,0,8,2,0,0,117.2,35,37,36.65,488,116,16,1,7,26,6,0,109,2,1,4,2.68,2.83,2.80,3.33,1.21,4.67
재크 스튜어트,2016,NC,30,P,27,27,0,0,0,0,12,8,0,0,150.0,76,79,76.60,653,160,20,0,11,55,8,1,118,5,0,4,4.56,4.74,4.60,4.45,1.43,3.49
앤드루 시스코,2015,kt,31,P,17,5,12,2,0,0,0,6,0,2,39.0,27,34,33.15,185,43,4,2,5,25,4,1,42,3,0,10,6.23,7.85,7.65,5.23,1.74,-0.04
필 어윈,2015,kt,27,P,12,12,0,0,0,0,1,7,0,0,56.0,54,57,53.40,271,90,20,1,10,21,2,0,41,3,0,2,8.68,9.16,8.58,5.66,1.98,-0.29
메릴 켈리,2015,SK,27,P,30,29,1,1,1,0,11,10,0,0,181.0,83,87,84.60,775,188,28,1,16,54,5,1,139,5,2,9,4.13,4.33,4.21,4.22,1.34,4.56
메릴 켈리,2016,SK,28,P,31,31,0,0,0,0,9,8,0,0,200.1,82,91,86.20,846,205,35,3,15,60,7,0,152,12,2,8,3.68,4.09,3.87,4.27,1.32,6.44
메릴 켈리,2017,SK,29,P,30,30,0,0,0,0,16,7,0,0,190.0,76,85,84.30,815,204,38,3,16,45,11,2,189,10,1,9,3.60,4.03,3.99,3.60,1.31,5.35
메릴 켈리,2018,SK,30,P,28,28,0,0,0,0,12,7,0,0,158.1,72,78,77.30,674,152,28,3,18,47,13,1,161,5,2,5,4.09,4.43,4.39,4.33,1.26,4.32
콜린 벨레스터,2016,삼성,29,P,3,3,0,0,0,0,0,3,0,0,12.1,11,14,14.00,66,20,4,0,1,12,0,0,5,2,0,2,8.03,10.22,10.22,7.21,2.59,-0.22
앨런 웹스터,2016,삼성,25,P,12,12,0,0,0,0,4,4,0,0,71.0,45,48,45.95,325,72,16,2,10,47,3,0,59,2,1,4,5.70,6.08,5.82,6.02,1.68,1.17
아놀드 레온,2016,삼성,27,P,2,2,0,0,0,0,0,1,0,0,8.0,10,10,10.00,40,16,5,0,2,1,1,0,7,0,0,0,11.25,11.25,11.25,5.80,2.13,-0.14
요한 플란데,2016,삼성,29,P,13,13,0,0,0,0,2,6,0,0,68.2,58,66,64.10,330,92,14,0,13,33,1,0,56,7,4,1,7.60,8.65,8.40,5.99,1.82,-0.16
데이비드 허프,2016,LG,32,P,13,11,2,0,0,0,7,2,0,1,74.2,26,34,34.00,299,72,11,2,2,9,1,0,46,3,0,0,3.13,4.10,4.10,3.43,1.08,2.11
데이비드 허프,2017,LG,33,P,19,17,2,3,2,0,6,4,0,0,124.2,33,37,36.65,490,100,20,2,7,14,2,0,98,6,0,2,2.38,2.67,2.65,3.31,0.91,4.99
헥터 노에시,2016,KIA,29,P,31,31,0,3,3,1,15,5,0,0,206.2,78,88,88.00,868,211,34,3,7,51,6,0,139,6,0,7,3.40,3.83,3.83,3.82,1.27,6.57
헥터 노에시,2017,KIA,30,P,30,30,0,1,1,0,20,5,0,0,201.2,78,83,83.00,854,221,36,4,21,45,5,1,149,8,0,7,3.48,3.70,3.70,4.35,1.32,6.45
헥터 노에시,2018,KIA,31,P,29,29,0,1,1,0,11,10,0,0,174.0,89,102,102.00,753,209,31,0,25,36,4,2,137,11,1,4,4.60,5.28,5.28,4.78,1.41,2.98
지크 스프루일,2016,KIA,26,P,30,29,1,1,0,0,10,13,0,0,152.0,89,104,101.40,705,188,30,1,16,68,5,0,125,11,1,5,5.27,6.16,6.00,4.93,1.68,1.73
알렉산드로 마에스트리,2016,한화,30,P,9,8,1,0,0,0,2,2,0,0,28.2,30,37,34.90,157,37,1,2,4,34,1,0,23,6,0,6,9.42,11.62,10.96,7.68,2.48,-0.71
파비오 카스티요,2016,한화,26,P,20,15,5,1,0,0,7,4,0,0,84.0,60,62,58.90,393,106,14,0,7,40,10,0,60,1,0,4,6.43,6.64,6.31,5.29,1.74,0.74
에릭 서캠프,2016,한화,28,P,17,8,9,2,0,0,2,5,1,0,41.1,29,32,32.00,194,54,9,0,5,17,5,0,36,1,0,2,6.31,6.97,6.97,5.15,1.72,0.17
슈가 마리몬,2016,kt,27,P,12,12,0,0,0,0,6,4,0,0,62.0,36,38,37.65,275,60,13,2,3,29,6,0,45,1,0,8,5.23,5.52,5.47,4.75,1.44,0.97
요한 피노,2016,kt,32,P,12,8,4,0,0,0,2,3,0,1,39.0,31,36,36.50,191,62,11,1,4,15,4,0,23,1,0,3,7.15,8.31,8.42,5.50,1.97,-0.13
조쉬 로위,2016,kt,31,P,14,13,1,1,0,0,3,6,0,0,60.0,42,46,45.80,295,74,11,0,6,39,5,0,68,5,1,8,6.30,6.90,6.87,4.87,1.88,0.11
브라울리오 라라,2016,SK,27,P,17,9,8,1,0,0,2,6,0,1,48.1,36,46,43.55,232,66,7,0,5,30,1,0,40,3,1,3,6.70,8.57,8.11,5.39,1.99,-0.27
로버트 코엘로,2016,넥센,31,P,12,12,0,0,0,0,6,5,0,0,62.0,26,29,27.60,271,50,7,0,6,42,2,0,46,3,0,0,3.77,4.21,4.01,5.74,1.48,1.92
스콧 맥그레거,2016,넥센,29,P,14,14,0,0,0,0,6,3,0,0,90.0,52,56,53.95,385,108,17,0,13,20,2,0,61,6,1,3,5.20,5.60,5.40,4.89,1.42,1.74
재크 페트릭,2017,삼성,27,P,25,24,1,0,0,0,3,10,0,0,134.0,92,95,93.10,619,174,35,7,18,52,6,1,87,6,0,8,6.18,6.38,6.25,5.50,1.69,1.24
앤서니 레나도,2017,삼성,27,P,11,11,0,0,0,0,2,3,0,0,49.0,37,46,43.95,243,70,18,0,11,27,6,0,28,3,1,1,6.80,8.45,8.07,7.54,1.98,-0.22
팻 딘,2017,KIA,28,P,30,29,1,1,1,0,9,7,0,0,176.0,81,86,84.65,770,211,39,3,22,39,16,1,143,7,0,3,4.14,4.40,4.33,4.61,1.42,4.36
팻 딘,2018,KIA,29,P,36,21,15,3,0,0,6,7,0,2,129.1,90,96,91.40,588,174,29,1,23,27,4,2,101,5,0,3,6.26,6.68,6.36,5.21,1.55,0.96
닉 애디튼,2017,롯데,29,P,15,13,2,1,0,0,2,7,0,0,70.0,46,54,49.70,324,85,18,2,7,25,5,0,60,5,0,5,5.91,6.94,6.39,4.58,1.57,0.58
제프 맨쉽,2017,NC,31,P,21,21,0,0,0,0,12,4,0,0,112.2,46,51,48.40,478,112,17,0,7,33,7,0,86,7,1,5,3.67,4.07,3.87,4.14,1.29,3.37
돈 로치,2017,kt,27,P,28,28,0,1,1,0,4,15,0,0,165.0,86,106,102.25,743,200,33,3,18,60,13,0,99,11,1,10,4.69,5.78,5.58,5.38,1.58,2.35
스캇 다이아몬드,2017,SK,30,P,24,24,0,1,1,1,10,7,0,0,134.1,66,69,65.40,581,163,20,3,11,35,9,1,59,5,0,2,4.42,4.62,4.38,5.10,1.47,3.25
션 오설리반,2017,넥센,29,P,3,2,1,1,0,0,0,2,0,0,8.0,14,14,14.00,43,17,7,0,2,2,1,0,6,0,1,0,15.75,15.75,15.75,6.47,2.38,-0.54
제이크 브리검,2017,넥센,29,P,24,24,0,0,0,0,10,6,0,0,144.0,70,77,75.80,619,166,21,4,17,26,13,0,98,8,0,8,4.38,4.81,4.74,4.75,1.33,3.23
제이크 브리검,2018,넥센,30,P,31,30,1,2,2,1,11,7,0,1,199.0,85,89,86.80,829,188,28,3,19,50,19,0,175,7,0,4,3.84,4.03,3.93,4.36,1.20,6.13
제이크 브리검,2019,키움,31,P,28,28,0,0,0,0,13,5,0,0,158.1,52,62,60.80,669,148,32,2,5,46,12,0,130,8,1,7,2.96,3.52,3.46,3.27,1.23,4.28
제이크 브리검,2020,키움,32,P,21,21,0,0,0,0,9,5,0,0,107.0,43,45,41.90,456,98,7,2,6,42,5,1,105,2,0,8,3.62,3.79,3.52,3.57,1.31,3.23
제이크 브리검,2021,키움,33,P,10,10,0,0,0,0,7,3,0,0,61.0,20,25,24.65,250,49,8,0,6,26,4,0,49,2,0,3,2.95,3.69,3.64,4.45,1.23,1.68
세스 프랭코프,2018,두산,30,P,28,28,0,0,0,0,18,3,0,0,149.1,62,64,62.95,621,118,17,1,12,55,22,1,134,2,0,15,3.74,3.86,3.79,4.66,1.16,4.72
세스 프랭코프,2019,두산,31,P,22,22,0,0,0,0,9,8,0,0,117.1,47,48,46.95,495,110,20,2,5,30,13,1,111,4,1,2,3.61,3.68,3.60,3.09,1.19,2.65
팀 아델만,2018,삼성,30,P,31,31,0,0,0,0,8,12,0,0,171.0,96,101,99.60,758,202,39,1,20,54,11,0,137,5,1,7,5.05,5.32,5.24,4.91,1.50,3.50
리살베르토 보니야,2018,삼성,27,P,29,29,0,0,0,0,7,10,0,0,168.0,99,111,105.00,752,193,40,2,23,63,12,1,151,13,1,9,5.30,5.95,5.63,5.11,1.52,3.08
타일러 윌슨,2018,LG,29,P,26,26,0,1,1,1,9,4,0,0,170.0,58,63,61.45,689,158,23,3,11,35,6,1,149,7,1,10,3.07,3.34,3.25,3.66,1.14,6.28
타일러 윌슨,2019,LG,30,P,30,30,0,1,1,0,14,7,0,0,185.0,60,77,74.25,763,171,27,2,7,44,10,1,137,14,0,6,2.92,3.75,3.61,3.23,1.16,4.09
타일러 윌슨,2020,LG,31,P,25,25,0,0,0,0,10,8,0,0,144.2,71,81,78.95,628,161,23,2,13,39,8,0,109,7,1,3,4.42,5.04,4.91,4.19,1.38,2.26
펠릭스 듀브론트,2018,롯데,31,P,25,25,0,0,0,0,6,9,0,0,137.1,75,82,81.50,629,162,29,2,13,62,8,1,109,9,3,10,4.92,5.37,5.34,5.05,1.63,2.70
키버스 샘슨,2018,한화,26,P,30,29,1,0,0,0,13,8,0,0,161.2,84,91,89.65,703,144,26,1,17,79,5,0,195,8,2,18,4.68,5.07,4.99,4.19,1.38,3.07
제이슨 휠러,2018,한화,27,P,19,19,0,0,0,0,3,9,0,0,101.2,58,62,60.65,459,128,16,0,12,34,10,1,94,6,1,2,5.13,5.49,5.37,4.78,1.59,1.72
데이비드 헤일,2018,한화,30,P,12,12,0,0,0,0,3,4,0,0,66.1,32,35,34.50,277,68,10,0,8,17,4,0,55,6,0,3,4.34,4.75,4.61,4.69,1.28,1.66
로건 베렛,2018,NC,27,P,29,29,0,0,0,0,6,10,0,0,155.0,91,94,92.10,698,178,31,2,24,59,9,0,144,5,1,10,5.28,5.46,5.34,5.23,1.53,2.54
왕웨이중,2018,NC,25,P,25,25,0,0,0,0,7,10,0,0,141.2,67,83,79.40,615,169,25,1,16,40,2,2,108,13,0,2,4.26,5.27,5.02,4.68,1.48,2.58
앙헬 산체스,2018,SK,29,P,29,26,3,0,0,0,8,8,0,1,145.1,79,90,88.45,632,161,21,3,26,39,7,1,124,9,0,12,4.89,5.57,5.48,5.30,1.38,2.43
앙헬 산체스,2019,SK,30,P,28,28,0,0,0,0,17,5,0,0,165.0,48,51,49.10,671,151,18,2,2,42,2,0,148,4,2,11,2.62,2.78,2.68,2.54,1.17,5.74
덱 맥과이어,2019,삼성,29,P,21,21,0,1,1,1,4,8,0,0,112.1,63,68,64.90,512,119,24,3,13,66,6,0,100,6,2,3,5.05,5.45,5.21,4.84,1.65,1.22
저스틴 헤일리,2019,삼성,27,P,19,19,0,0,0,0,5,8,0,0,87.2,56,59,57.10,386,95,12,2,5,34,6,0,84,4,1,5,5.75,6.06,5.85,3.51,1.47,0.40
벤 라이블리,2019,삼성,27,P,9,9,0,1,1,1,4,4,0,0,57.0,25,26,26.00,236,51,9,4,4,13,5,0,58,1,0,0,3.95,4.11,4.11,3.08,1.12,1.36
벤 라이블리,2020,삼성,28,P,21,21,0,0,0,0,6,7,0,0,112.0,53,54,54.00,478,98,16,1,11,39,12,0,95,7,0,2,4.26,4.34,4.34,4.45,1.22,2.79
벤 라이블리,2021,삼성,29,P,6,6,0,0,0,0,0,1,0,0,33.1,15,16,15.15,140,23,6,0,4,13,5,0,38,1,0,0,4.05,4.32,4.09,4.02,1.08,0.82
케이시 켈리,2019,LG,30,P,29,29,0,0,0,0,14,12,0,0,180.1,51,70,70.00,747,164,33,3,7,41,16,0,126,8,0,12,2.55,3.49,3.49,3.50,1.14,4.22
케이시 켈리,2020,LG,31,P,28,28,0,1,1,1,15,7,0,0,173.1,64,67,67.00,705,160,29,1,16,40,11,0,134,5,0,4,3.32,3.48,3.48,4.07,1.15,5.17
케이시 켈리,2021,LG,32,P,30,30,0,0,0,0,13,8,0,0,177.0,62,64,63.15,744,160,25,0,12,60,11,3,142,7,1,7,3.15,3.25,3.21,3.76,1.24,5.22
케이시 켈리,2022,LG,33,P,27,27,0,0,0,0,16,4,0,0,166.1,47,50,50.00,664,144,10,4,10,35,2,0,153,5,0,3,2.54,2.71,2.71,2.89,1.08,5.47
케이시 켈리,2023,LG,34,P,30,30,0,0,0,0,10,7,0,0,178.2,76,87,81.90,746,183,31,3,10,39,6,1,129,7,0,6,3.83,4.38,4.13,3.49,1.24,3.37
케이시 켈리,2024,LG,35,P,19,19,0,2,2,1,5,8,0,0,113.2,57,65,65.00,495,131,18,1,13,25,6,0,69,4,0,9,4.51,5.15,5.15,4.95,1.37,1.85
제이콥 터너,2019,KIA,26,P,28,28,0,1,1,0,7,13,0,0,153.1,93,107,104.95,714,179,34,3,12,58,17,0,121,20,0,14,5.46,6.28,6.16,4.28,1.55,0.06
조 윌랜드,2019,KIA,28,P,28,28,0,0,0,0,8,10,0,0,165.0,87,95,91.55,726,191,41,1,17,59,5,1,137,9,0,4,4.75,5.18,5.02,4.14,1.52,1.86
제이크 톰슨,2019,롯데,24,P,11,11,0,1,1,1,2,3,0,0,62.2,33,35,35.00,267,54,8,1,4,23,5,0,60,3,0,8,4.74,5.03,5.03,3.56,1.23,0.64
브록 다익손,2019,SK,25,P,12,12,0,0,0,0,3,2,0,0,65.2,26,29,28.50,280,65,13,2,7,18,2,0,58,3,0,1,3.56,3.97,3.91,3.81,1.26,1.53
브록 다익손,2019,롯데,25,P,17,16,1,1,0,0,3,8,0,0,83.2,46,52,49.25,369,99,10,1,8,22,4,1,59,5,1,3,4.95,5.59,5.30,4.15,1.45,0.73
워릭 서폴드,2019,한화,29,P,31,31,0,0,0,0,12,11,0,0,192.1,75,84,82.45,810,191,28,4,8,54,8,1,135,8,0,8,3.51,3.93,3.86,3.53,1.27,4.21
워릭 서폴드,2020,한화,30,P,28,28,0,1,1,1,10,13,0,0,165.0,90,107,102.70,734,203,30,3,19,42,13,0,97,11,0,10,4.91,5.84,5.60,4.93,1.48,1.59
채드 벨,2019,한화,30,P,29,29,0,0,0,0,11,10,0,0,177.1,69,73,71.60,749,169,33,2,14,63,10,0,134,8,1,8,3.50,3.70,3.63,4.14,1.31,4.29
채드 벨,2020,한화,31,P,16,16,0,0,0,0,2,8,0,0,77.0,51,54,50.55,346,85,11,0,10,35,5,1,61,4,0,3,5.96,6.31,5.91,5.17,1.56,0.52
드류 루친스키,2019,NC,31,P,30,30,0,2,2,0,9,9,0,0,177.1,60,68,65.25,731,164,20,1,13,45,11,0,119,9,0,7,3.05,3.45,3.31,3.98,1.18,5.31
드류 루친스키,2020,NC,32,P,30,30,0,0,0,0,19,5,0,0,183.0,62,67,63.20,770,173,12,3,14,57,11,0,167,11,0,11,3.05,3.30,3.11,3.78,1.26,6.97
드류 루친스키,2021,NC,33,P,30,30,0,0,0,0,15,10,0,0,178.2,63,76,73.95,754,160,24,1,12,55,10,0,177,17,2,6,3.17,3.83,3.73,3.22,1.20,4.96
드류 루친스키,2022,NC,34,P,31,31,0,0,0,0,10,12,0,0,193.2,64,77,75.10,797,184,34,2,14,34,8,1,194,10,0,9,2.97,3.58,3.49,2.80,1.13,4.99
에디 버틀러,2019,NC,27,P,13,13,0,0,0,0,3,6,0,0,73.2,39,46,43.10,326,78,18,1,6,28,2,1,49,7,0,4,4.76,5.62,5.25,4.34,1.44,0.75
크리스천 프리드릭,2019,NC,31,P,12,12,0,2,2,1,7,4,0,0,72.0,22,22,21.30,294,63,6,0,4,22,3,1,56,1,0,2,2.75,2.75,2.63,3.56,1.18,2.66
윌리엄 쿠에바스,2019,KT,29,P,30,30,0,0,0,0,13,10,0,0,184.0,74,80,78.65,760,153,21,6,18,63,12,0,135,9,0,4,3.62,3.91,3.85,4.40,1.17,4.27
윌리엄 쿠에바스,2020,KT,30,P,27,27,0,0,0,0,10,8,0,0,158.0,72,80,77.45,668,152,26,1,16,46,9,0,110,8,0,4,4.10,4.56,4.41,4.54,1.25,3.82
윌리엄 쿠에바스,2021,KT,31,P,23,23,0,1,1,1,9,5,0,0,133.1,61,68,67.50,580,131,21,3,11,51,3,0,137,10,0,6,4.12,4.59,4.56,3.44,1.37,2.49
윌리엄 쿠에바스,2022,KT,32,P,2,2,0,0,0,0,1,0,0,0,11.0,3,3,3.00,40,2,0,0,1,5,1,0,8,0,0,2,2.45,2.45,2.45,4.74,0.64,0.43
윌리엄 쿠에바스,2023,KT,33,P,18,18,0,0,0,0,12,0,0,0,114.1,33,33,31.65,460,95,10,2,4,24,2,1,100,2,0,5,2.60,2.60,2.49,2.78,1.04,4.67
윌리엄 쿠에바스,2024,KT,34,P,31,31,0,0,0,0,7,12,0,0,173.1,79,86,86.00,737,158,36,3,17,59,7,4,154,11,1,11,4.10,4.47,4.47,4.32,1.25,4.41
윌리엄 쿠에바스,2025,KT,35,P,18,18,0,0,0,0,3,10,0,0,98.1,59,69,66.75,445,104,14,2,13,46,5,0,60,5,1,4,5.40,6.32,6.11,5.63,1.53,0.37
라울 알칸타라,2019,KT,27,P,27,27,0,1,1,0,11,11,0,0,172.2,77,80,75.55,724,189,39,3,15,27,8,0,100,7,2,2,4.01,4.17,3.94,4.02,1.25,3.84
라울 알칸타라,2020,두산,28,P,31,31,0,1,1,0,20,2,0,0,198.2,56,58,57.30,795,174,38,3,12,30,9,0,182,4,1,3,2.54,2.63,2.60,3.03,1.03,8.00
라울 알칸타라,2023,두산,31,P,31,31,0,0,0,0,13,9,0,0,192.0,57,67,67.00,777,171,33,0,16,35,5,1,162,11,0,3,2.67,3.14,3.14,3.38,1.07,5.36
라울 알칸타라,2024,두산,32,P,12,12,0,0,0,0,2,2,0,0,64.1,34,35,34.65,270,58,8,3,10,22,2,0,34,3,0,0,4.76,4.90,4.85,5.95,1.24,1.15
라울 알칸타라,2025,키움,33,P,19,19,0,0,0,0,8,4,0,0,121.0,44,50,50.00,492,125,20,3,11,10,4,0,92,6,0,3,3.27,3.72,3.72,3.47,1.12,3.00
라울 알칸타라,2026,키움,34,P,19,19,0,0,0,0,8,7,0,0,117.0,50,51,49.60,480,116,17,2,17,14,5,0,103,5,0,2,3.85,3.92,3.82,4.08,1.11,2.77
에릭 요키시,2019,키움,30,P,30,30,0,1,1,1,13,9,0,0,181.1,63,72,71.50,746,166,33,5,9,39,11,0,141,6,0,6,3.13,3.57,3.55,3.31,1.13,4.67
에릭 요키시,2020,키움,31,P,27,27,0,0,0,0,12,7,0,0,159.2,38,53,50.45,640,144,26,3,6,25,6,0,115,15,1,3,2.14,2.99,2.84,3.24,1.06,6.02
에릭 요키시,2021,키움,32,P,31,31,0,0,0,0,16,9,0,0,181.1,59,71,69.45,739,171,24,0,12,46,4,2,131,18,0,9,2.93,3.52,3.45,3.59,1.20,5.43
에릭 요키시,2022,키움,33,P,30,30,0,0,0,0,10,8,0,0,185.1,53,61,59.80,746,169,31,3,8,33,5,0,154,13,0,2,2.57,2.96,2.90,2.86,1.09,5.74
에릭 요키시,2023,키움,34,P,12,12,0,0,0,0,5,3,0,0,65.2,32,37,37.00,286,82,14,1,3,14,3,1,51,6,0,1,4.39,5.07,5.07,3.25,1.46,0.66
에릭 요키시,2024,NC,35,P,8,8,0,0,0,0,3,4,0,0,39.1,25,29,28.65,189,51,11,2,5,20,2,0,32,3,0,2,5.72,6.64,6.56,5.50,1.81,0.13
크리스 플렉센,2020,두산,26,P,21,21,0,0,0,0,8,4,0,0,116.2,39,43,43.00,472,97,14,0,6,30,2,2,132,3,0,5,3.01,3.32,3.32,2.58,1.09,3.53
크리스 플렉센,2026,두산,32,P,2,2,0,0,0,0,0,2,0,0,5.0,3,4,3.30,26,2,0,0,1,6,2,0,3,2,0,0,5.40,7.20,5.94,10.03,1.60,0.05
데이비드 뷰캐넌,2020,삼성,31,P,27,27,0,1,1,0,15,7,0,0,174.2,67,71,69.45,728,172,19,2,16,50,7,0,121,12,0,2,3.45,3.66,3.58,4.36,1.27,5.98
데이비드 뷰캐넌,2021,삼성,32,P,30,30,0,1,1,1,16,5,0,0,177.0,61,71,69.80,758,173,25,4,13,59,2,2,162,11,0,7,3.10,3.61,3.55,3.39,1.31,5.09
데이비드 뷰캐넌,2022,삼성,33,P,26,26,0,1,1,1,11,8,0,0,160.0,54,61,60.30,691,176,29,2,10,39,8,0,117,6,0,2,3.04,3.43,3.39,3.61,1.34,4.85
데이비드 뷰캐넌,2023,삼성,34,P,30,30,0,1,1,0,12,8,0,0,188.0,53,71,69.95,784,174,25,2,4,43,6,1,139,13,1,7,2.54,3.40,3.35,3.05,1.15,5.57
애런 브룩스,2020,KIA,30,P,23,23,0,1,1,1,11,4,0,0,151.1,42,43,42.15,586,131,18,0,4,24,3,0,130,8,1,3,2.50,2.56,2.51,2.72,1.02,6.48
애런 브룩스,2021,KIA,31,P,13,13,0,0,0,0,3,5,0,0,78.0,29,34,32.10,333,93,12,1,4,16,1,0,55,4,0,0,3.35,3.92,3.70,3.29,1.40,1.99
드류 가뇽,2020,KIA,29,P,28,28,0,0,0,0,11,8,0,0,159.2,77,86,82.60,702,162,33,8,7,64,9,0,141,9,0,13,4.34,4.85,4.68,3.73,1.42,3.31
댄 스트레일리,2020,롯데,32,P,31,31,0,0,0,0,15,4,0,0,194.2,54,61,60.30,777,148,27,2,10,51,7,0,205,7,0,4,2.50,2.82,2.79,2.90,1.02,8.12
댄 스트레일리,2021,롯데,33,P,31,31,0,0,0,0,10,12,0,0,165.2,75,85,81.60,714,162,25,2,12,67,7,0,164,8,1,8,4.07,4.62,4.43,3.54,1.38,3.74
댄 스트레일리,2022,롯데,34,P,11,11,0,0,0,0,4,2,0,0,62.1,16,24,22.45,260,54,8,0,5,22,6,0,55,4,0,2,2.31,3.47,3.24,3.93,1.22,1.90
댄 스트레일리,2023,롯데,35,P,16,16,0,0,0,0,3,5,0,0,80.1,39,43,41.80,364,82,8,1,6,37,10,0,70,4,0,4,4.37,4.82,4.68,4.37,1.48,1.38
애드리안 샘슨,2020,롯데,28,P,25,25,0,0,0,0,9,12,0,0,130.0,78,87,81.50,590,167,25,1,14,36,6,0,87,7,2,8,5.40,6.02,5.68,4.61,1.56,1.70
마이크 라이트,2020,NC,29,P,29,29,0,0,0,0,11,9,0,0,157.2,82,87,82.05,696,164,27,2,12,63,10,0,125,7,2,5,4.68,4.97,4.68,4.35,1.44,3.40
오드리사머 데스파이네,2020,KT,33,P,35,34,1,0,0,0,15,8,0,0,207.2,100,105,104.45,906,233,36,1,18,68,8,1,152,7,0,18,4.33,4.55,4.53,4.33,1.45,4.88
오드리사머 데스파이네,2021,KT,34,P,33,33,0,0,0,0,13,10,0,0,188.2,71,81,79.80,819,175,30,3,10,78,7,0,165,11,0,15,3.39,3.86,3.81,3.61,1.34,5.25
오드리사머 데스파이네,2022,KT,35,P,30,29,1,0,0,0,8,12,0,0,163.0,82,94,88.20,725,198,27,0,14,48,9,2,123,13,1,7,4.53,5.19,4.87,3.98,1.51,2.22
닉 킹엄,2020,SK,29,P,2,2,0,0,0,0,0,2,0,0,10.2,8,11,11.00,52,16,4,0,1,4,0,0,6,1,0,1,6.75,9.28,9.28,4.87,1.88,-0.23
닉 킹엄,2021,한화,30,P,25,25,0,0,0,0,10,8,0,0,144.0,51,58,57.50,591,117,22,0,11,41,5,1,131,10,2,4,3.19,3.63,3.59,3.39,1.10,4.05
닉 킹엄,2022,한화,31,P,3,3,0,0,0,0,1,2,0,0,16.1,5,6,6.00,70,15,2,1,1,5,1,0,18,2,0,0,2.76,3.31,3.31,2.90,1.22,0.45
리카르도 핀토,2020,SK,25,P,30,30,0,0,0,0,6,15,0,0,162.0,111,121,118.05,766,198,35,1,19,90,11,3,112,7,2,11,6.17,6.72,6.56,5.58,1.78,0.43
아리엘 미란다,2021,두산,32,P,28,28,0,1,1,1,14,5,0,0,173.2,45,49,48.30,709,135,21,1,11,63,1,0,225,3,1,7,2.33,2.54,2.50,2.42,1.14,6.73
아리엘 미란다,2022,두산,33,P,3,3,0,0,0,0,0,0,0,0,7.2,7,7,7.00,43,2,2,0,0,18,1,0,8,0,0,1,8.22,8.22,8.22,8.86,2.61,-0.15
워커 로켓,2021,두산,26,P,21,21,0,1,1,0,9,9,0,0,124.0,41,44,42.80,540,132,20,2,5,42,12,1,112,3,1,1,2.98,3.19,3.12,3.34,1.40,3.93
앤드류 수아레즈,2021,LG,28,P,23,22,1,0,0,0,10,2,0,0,115.1,28,33,33.00,473,91,16,2,4,41,4,0,126,6,0,2,2.18,2.58,2.58,2.66,1.14,4.23
대니얼 멩덴,2021,KIA,27,P,21,21,0,0,0,0,8,3,0,0,120.0,48,53,51.95,502,109,18,2,12,35,8,0,104,7,3,2,3.60,3.97,3.90,3.90,1.20,2.86
보 다카하시,2021,KIA,23,P,7,7,0,0,0,0,1,3,0,0,36.2,20,22,22.00,168,46,4,0,4,12,4,0,46,2,0,4,4.91,5.40,5.40,3.28,1.58,0.35
앤더슨 프랑코,2021,롯데,28,P,37,27,10,1,0,0,9,8,0,1,150.0,90,97,95.95,677,147,31,2,20,75,20,0,124,6,1,6,5.40,5.82,5.76,5.25,1.48,1.70
라이언 카펜터,2021,한화,31,P,31,30,1,0,0,0,5,12,0,0,170.0,75,90,87.75,746,150,21,3,16,72,19,0,179,16,1,7,3.97,4.76,4.65,3.91,1.31,2.74
라이언 카펜터,2022,한화,32,P,4,4,0,0,0,0,0,1,0,0,18.0,5,6,6.00,79,19,5,0,1,6,1,0,15,1,0,1,2.50,3.00,3.00,3.57,1.39,0.59
웨스 파슨스,2021,NC,29,P,24,24,0,1,1,0,4,8,0,0,133.0,55,56,54.80,577,109,16,2,9,63,11,0,148,7,1,10,3.72,3.79,3.71,3.51,1.29,3.81
웨스 파슨스,2022,NC,30,P,8,8,0,0,0,0,1,2,0,0,43.0,17,19,18.30,182,34,4,2,4,21,1,0,43,2,0,8,3.56,3.98,3.83,3.98,1.28,0.89
윌머 폰트,2021,SSG,31,P,25,25,0,0,0,0,8,5,0,0,145.2,56,66,66.00,604,114,22,1,12,45,6,1,157,11,1,2,3.46,4.08,4.08,3.12,1.09,3.50
윌머 폰트,2022,SSG,32,P,28,28,0,1,1,0,13,6,0,0,184.0,55,63,63.00,729,141,22,3,18,34,6,1,170,7,0,5,2.69,3.08,3.08,3.31,0.95,5.78
아티 르위키,2021,SSG,28,P,4,4,0,0,0,0,1,0,0,0,14.1,6,6,5.65,56,15,3,0,2,2,0,0,9,0,0,0,3.77,3.77,3.77,4.29,1.19,0.40
샘 가빌리오,2021,SSG,30,P,15,15,0,0,0,0,6,4,0,0,81.1,53,54,51.95,351,88,18,0,7,30,6,1,70,1,0,3,5.86,5.98,5.75,3.97,1.45,0.67
조시 스미스,2021,키움,33,P,2,2,0,0,0,0,1,0,0,0,10.0,7,7,7.00,43,9,2,0,1,5,0,0,5,0,0,0,6.30,6.30,6.30,5.26,1.40,0.00
로버트 스탁,2022,두산,32,P,29,29,0,0,0,0,9,10,0,0,165.0,66,87,83.95,722,162,24,2,9,83,10,0,138,9,0,12,3.60,4.75,4.58,4.09,1.48,2.07
브랜던 워델,2022,두산,28,P,11,11,0,0,0,0,5,3,0,0,65.0,26,29,28.15,276,56,10,0,5,24,1,0,40,7,1,2,3.60,4.02,3.90,4.35,1.23,1.29
브랜던 워델,2023,두산,29,P,18,18,0,0,0,0,11,3,0,0,104.2,29,34,33.50,427,80,13,0,4,30,12,0,100,3,0,3,2.49,2.92,2.88,3.16,1.05,3.30
브랜던 워델,2024,두산,30,P,14,14,0,0,0,0,7,4,0,0,75.0,26,34,31.75,315,75,11,2,3,11,4,0,75,9,0,2,3.12,4.08,3.81,2.85,1.15,2.18
앨버트 수아레즈,2022,삼성,33,P,30,29,1,0,0,0,6,8,0,0,173.2,48,61,59.80,714,151,19,0,7,50,4,0,159,16,0,6,2.49,3.16,3.10,2.94,1.16,5.54
앨버트 수아레즈,2023,삼성,34,P,19,19,0,0,0,0,4,7,0,0,108.0,47,54,51.05,479,129,19,1,3,32,2,0,88,10,0,6,3.92,4.50,4.25,3.12,1.49,2.20
로니 윌리엄스,2022,KIA,25,P,10,9,1,0,0,0,3,3,0,0,44.1,29,36,32.40,208,47,7,1,7,28,3,0,32,4,1,2,5.89,7.31,6.50,6.03,1.69,-0.12
션 놀린,2022,KIA,32,P,21,21,0,0,0,0,8,8,0,0,124.0,34,41,40.00,512,115,19,2,7,24,8,1,108,9,1,4,2.47,2.98,2.90,3.05,1.12,4.11
토마스 파노니,2022,KIA,28,P,14,14,0,0,0,0,3,4,0,0,82.2,25,33,29.40,348,78,6,1,5,24,2,0,73,7,0,5,2.72,3.59,3.20,3.27,1.23,2.44
토마스 파노니,2023,KIA,29,P,16,15,1,0,0,0,6,3,0,0,82.1,39,41,36.90,351,86,14,1,6,23,2,0,66,4,0,0,4.26,4.48,4.03,3.65,1.32,1.77
찰리 반스,2022,롯데,27,P,31,31,0,0,0,0,12,12,0,0,186.1,75,87,80.15,788,176,27,5,8,47,18,1,160,10,0,7,3.62,4.20,3.87,3.21,1.20,4.46
찰리 반스,2023,롯데,28,P,30,30,0,0,0,0,11,10,0,0,170.1,62,68,65.40,734,171,34,1,6,56,15,1,147,7,0,7,3.28,3.59,3.46,3.40,1.33,4.85
찰리 반스,2024,롯데,29,P,25,25,0,0,0,0,9,6,0,0,150.2,56,59,55.90,624,140,17,4,18,46,5,0,171,8,0,6,3.35,3.52,3.34,3.90,1.23,5.77
찰리 반스,2025,롯데,30,P,8,8,0,0,0,0,3,4,0,0,45.2,27,31,30.15,204,47,14,2,4,17,2,0,38,3,0,2,5.32,6.11,5.94,4.21,1.40,0.30
글렌 스파크맨,2022,롯데,29,P,19,19,0,0,0,0,2,4,0,0,84.2,50,55,51.50,386,97,14,1,6,43,4,1,89,8,0,5,5.31,5.85,5.53,3.68,1.65,0.71
예프리 라미레즈,2022,한화,28,P,13,13,0,0,0,0,2,6,0,0,65.1,30,33,30.95,285,52,6,0,4,37,7,0,47,4,1,0,4.13,4.55,4.27,4.80,1.36,1.13
펠릭스 페냐,2022,한화,32,P,13,13,0,0,0,0,5,4,0,0,67.2,28,33,30.95,293,63,10,2,4,30,4,0,72,4,0,4,3.72,4.39,4.12,3.39,1.37,1.31
펠릭스 페냐,2023,한화,33,P,32,32,0,0,0,0,11,11,0,0,177.1,71,82,79.25,751,149,28,5,14,59,18,1,147,13,4,16,3.60,4.16,4.02,4.06,1.17,3.70
펠릭스 페냐,2024,한화,34,P,9,9,0,0,0,0,3,5,0,0,37.1,26,28,27.30,171,41,6,0,6,20,0,0,29,1,0,1,6.27,6.75,6.58,5.92,1.63,0.18
맷 더모디,2022,NC,31,P,8,8,0,0,0,0,3,5,0,0,39.2,20,27,25.30,179,42,8,0,3,13,7,0,37,3,0,1,4.54,6.13,5.67,3.92,1.39,0.13
웨스 벤자민,2022,KT,29,P,17,17,0,0,0,0,5,4,0,0,96.2,29,34,34.00,385,75,9,1,11,24,4,2,77,6,1,3,2.70,3.17,3.17,4.04,1.02,3.10
웨스 벤자민,2023,KT,30,P,29,29,0,0,0,0,15,6,0,0,160.0,63,79,76.95,684,149,23,1,12,45,3,1,157,13,0,11,3.54,4.44,4.33,3.14,1.21,3.14
웨스 벤자민,2024,KT,31,P,28,28,0,0,0,0,11,8,0,0,149.2,77,90,86.65,639,141,25,4,28,48,4,2,156,12,0,4,4.63,5.41,5.21,4.94,1.26,2.71
웨스 벤자민,2026,두산,33,P,18,18,0,0,0,0,5,7,0,0,101.2,29,35,35.00,423,95,19,2,5,26,3,0,103,4,0,4,2.57,3.10,3.10,3.00,1.19,3.33
이반 노바,2022,SSG,34,P,12,12,0,0,0,0,3,4,0,0,63.2,46,50,49.15,291,78,10,2,5,25,5,0,32,8,1,9,6.50,7.07,6.93,4.92,1.62,-0.37
숀 모리만도,2022,SSG,29,P,12,12,0,0,0,0,7,1,0,0,75.1,14,19,19.00,304,57,8,0,2,23,4,0,67,5,0,2,1.67,2.27,2.27,2.99,1.06,3.09
타일러 애플러,2022,키움,28,P,33,25,8,2,1,1,6,8,0,0,140.1,67,69,68.30,622,172,34,1,13,40,6,1,86,8,0,4,4.30,4.43,4.36,4.37,1.51,2.14
딜런 파일,2023,두산,26,P,2,2,0,0,0,0,0,1,0,0,9.0,8,9,6.95,45,10,1,0,2,5,0,0,2,3,0,1,8.00,9.00,7.00,7.66,1.67,-0.05
테일러 와이드너,2023,NC,29,P,11,11,0,0,0,0,4,2,0,0,61.2,31,35,34.30,259,51,13,0,4,23,3,1,57,3,0,1,4.52,5.11,5.01,3.62,1.20,0.75
테일러 와이드너,2023,삼성,29,P,10,9,1,0,0,0,3,3,0,0,53.1,27,30,28.80,236,61,9,0,3,17,3,0,42,4,0,2,4.56,5.06,4.86,3.71,1.46,0.78
아도니스 메디나,2023,KIA,26,P,12,12,0,0,0,0,2,6,0,0,58.0,39,42,39.25,269,64,16,1,6,29,9,0,36,2,1,5,6.05,6.52,6.05,5.56,1.60,0.06
숀 앤더슨,2023,KIA,28,P,14,14,0,0,0,0,4,7,0,0,79.0,33,42,39.05,336,76,12,3,6,26,2,0,64,8,0,10,3.76,4.78,4.44,3.83,1.29,1.33
마리오 산체스,2023,KIA,28,P,12,11,1,1,1,0,4,4,0,0,63.2,42,46,43.60,285,79,19,1,7,15,4,1,59,3,1,1,5.94,6.50,6.22,3.77,1.48,0.13
애런 윌커슨,2023,롯데,34,P,13,13,0,0,0,0,7,2,0,0,79.2,20,28,27.50,327,67,15,2,3,20,2,0,81,5,1,3,2.26,3.16,3.11,2.61,1.09,2.60
애런 윌커슨,2024,롯데,35,P,32,32,0,1,1,1,12,8,0,0,196.2,84,90,88.80,816,210,37,3,18,27,2,0,167,13,0,3,3.84,4.12,4.06,3.67,1.21,6.06
버치 스미스,2023,한화,32,P,1,1,0,0,0,0,0,0,0,0,2.2,2,2,0.80,12,3,0,0,0,0,1,0,2,0,0,0,6.75,6.75,3.38,3.14,1.13,0.09
리카르도 산체스,2023,한화,26,P,24,24,0,0,0,0,7,8,0,0,126.0,53,62,60.80,540,136,23,0,13,28,6,2,99,7,0,3,3.79,4.43,4.34,3.92,1.30,2.20
리카르도 산체스,2024,한화,27,P,11,11,0,0,0,0,2,3,0,0,53.1,25,28,25.80,245,60,9,1,2,21,10,1,56,4,1,2,4.22,4.73,4.35,3.91,1.52,1.29
에릭 페디,2023,NC,29,P,30,30,0,0,0,0,20,6,0,0,180.1,40,46,44.95,708,137,16,0,9,35,4,0,209,13,0,5,2.00,2.30,2.25,2.22,0.95,7.63
태너 털리,2023,NC,28,P,11,11,0,0,0,0,5,2,0,0,64.2,21,26,24.65,265,58,8,0,6,13,1,0,47,3,0,0,2.92,3.62,3.48,3.81,1.10,1.81
보 슐서,2023,KT,28,P,9,9,0,0,0,0,1,7,0,0,49.2,31,32,31.00,221,66,9,1,6,14,0,1,35,1,0,2,5.62,5.80,5.62,4.34,1.61,0.35
커크 맥카티,2023,SSG,27,P,24,24,0,0,0,0,9,5,0,0,130.0,49,58,56.80,543,124,19,2,10,45,1,0,116,6,1,4,3.39,4.02,3.95,3.63,1.30,2.87
로에니스 엘리아스,2023,SSG,35,P,22,21,1,1,0,0,8,6,0,0,131.1,54,58,56.80,548,140,22,1,12,33,6,1,93,5,0,0,3.70,3.97,3.89,4.09,1.32,2.92
로에니스 엘리아스,2024,SSG,36,P,22,21,1,0,0,0,7,7,0,0,123.2,56,59,55.90,525,126,14,0,13,30,6,0,104,10,0,3,4.08,4.29,4.07,4.31,1.26,3.61
아리엘 후라도,2023,키움,27,P,30,30,0,0,0,0,11,8,0,0,183.2,54,64,62.95,763,164,19,0,7,41,9,0,147,15,0,5,2.65,3.14,3.08,3.15,1.12,5.88
아리엘 후라도,2024,키움,28,P,30,30,0,0,0,0,10,8,0,0,190.1,71,78,76.95,779,185,27,4,19,32,9,0,169,12,1,3,3.36,3.69,3.64,3.89,1.14,5.80
아리엘 후라도,2025,삼성,29,P,30,30,0,3,3,2,15,8,0,0,197.1,57,65,64.50,786,177,17,3,17,36,4,0,142,5,0,3,2.60,2.96,2.94,3.79,1.08,7.57
아리엘 후라도,2026,삼성,30,P,17,17,0,0,0,0,5,1,0,0,107.0,37,45,44.00,454,112,8,3,10,22,4,0,69,8,0,5,3.11,3.79,3.70,4.31,1.25,3.52
이안 맥키니,2023,키움,28,P,12,12,0,0,0,0,1,9,0,0,59.1,43,46,44.80,268,61,14,1,10,36,1,0,39,2,1,3,6.52,6.98,6.83,6.14,1.63,-0.27
시라카와 케이쇼,2024,SSG,23,P,5,5,0,0,0,0,2,2,0,0,23.0,13,16,14.30,106,29,4,0,3,9,1,0,27,1,0,0,5.09,6.26,5.60,4.24,1.65,0.41
시라카와 케이쇼,2024,두산,23,P,7,7,0,0,0,0,2,3,0,0,34.1,23,25,23.45,158,30,2,1,3,24,2,0,19,3,0,5,6.03,6.55,6.15,6.31,1.57,0.19
시라카와 케이쇼,2026,KIA,25,P,10,9,1,0,0,0,3,4,0,0,44.1,24,25,24.15,202,41,9,0,5,29,1,0,37,2,1,3,4.87,5.08,4.90,5.45,1.58,0.73
조던 발라조빅,2024,두산,25,P,12,11,1,0,0,0,2,6,0,1,57.0,27,29,28.00,250,54,13,1,3,28,2,0,69,1,0,2,4.26,4.58,4.42,3.31,1.44,1.25
코너 시볼드,2024,삼성,27,P,28,28,0,1,1,1,11,6,0,0,160.0,61,67,65.45,663,135,17,3,21,40,19,0,158,4,0,9,3.43,3.77,3.66,4.50,1.09,5.27
데니 레예스,2024,삼성,28,P,26,26,0,0,0,0,11,4,0,0,144.0,61,65,62.55,617,159,21,3,15,30,7,0,114,5,0,4,3.81,4.06,3.91,4.31,1.31,4.47
데니 레예스,2025,삼성,29,P,10,10,0,0,0,0,4,3,0,0,50.0,23,26,24.80,215,51,7,1,5,12,3,0,35,1,0,0,4.14,4.68,4.46,4.32,1.26,1.06
디트릭 엔스,2024,LG,32,P,30,30,0,0,0,0,13,6,0,0,167.2,78,84,83.65,714,169,29,3,16,50,6,0,157,9,0,4,4.19,4.51,4.51,4.10,1.31,3.77
엘리에이저 에르난데스,2024,LG,29,P,11,9,2,1,0,0,3,2,1,1,47.0,21,21,19.45,195,41,6,1,5,16,2,0,55,1,0,1,4.02,4.02,3.72,3.80,1.21,1.39
엘리에이저 에르난데스,2025,LG,30,P,14,14,0,0,0,0,4,4,0,0,66.0,31,32,31.00,276,53,14,0,7,24,5,0,73,0,0,3,4.23,4.36,4.23,3.82,1.17,1.28
윌 크로우,2024,KIA,29,P,8,8,0,0,0,0,5,1,0,0,40.1,16,19,18.00,172,41,7,0,2,12,1,1,43,1,0,0,3.57,4.24,4.02,3.11,1.31,1.09
캠 알드레드,2024,KIA,27,P,9,9,0,1,1,1,3,2,0,0,43.2,22,24,20.35,184,38,4,0,4,17,2,0,52,4,0,1,4.53,4.95,4.12,3.74,1.26,1.20
에릭 스타우트,2024,KIA,31,P,4,4,0,0,0,0,1,1,0,0,16.0,9,10,9.50,73,17,3,1,2,5,3,0,20,1,0,1,5.06,5.63,5.34,4.19,1.38,0.28
에릭 라우어,2024,KIA,28,P,7,7,0,0,0,0,2,2,0,0,34.2,19,19,17.80,150,35,7,1,3,12,3,0,37,0,0,0,4.93,4.93,4.62,3.98,1.36,0.76
제임스 네일,2024,KIA,31,P,26,26,0,0,0,0,12,5,0,0,149.1,42,69,67.30,642,154,27,1,11,35,9,0,138,17,1,3,2.53,4.16,4.06,3.74,1.27,4.31
제임스 네일,2025,KIA,32,P,27,27,0,0,0,0,8,4,0,0,164.1,41,46,45.30,664,135,18,1,6,41,15,0,152,9,0,4,2.25,2.52,2.48,3.13,1.07,6.59
제임스 네일,2026,KIA,33,P,22,22,0,0,0,0,8,5,0,0,128.2,54,54,52.95,535,125,20,0,8,25,12,1,106,5,0,2,3.78,3.78,3.70,3.63,1.17,3.83
다니엘 카스타노,2024,NC,29,P,19,19,0,0,0,0,8,6,0,0,111.2,54,65,63.45,476,117,23,4,11,25,7,0,89,7,1,0,4.35,5.24,5.08,4.33,1.27,1.89
카일 하트,2024,NC,31,P,26,26,0,0,0,0,13,3,0,0,157.0,47,51,51.00,631,124,16,1,11,38,11,0,182,7,0,2,2.69,2.92,2.92,3.17,1.03,6.15
라이언 와이스,2024,한화,28,P,16,16,0,0,0,0,5,5,0,0,91.2,38,43,41.95,384,77,13,5,8,29,3,0,98,7,0,6,3.73,4.22,4.12,3.71,1.16,2.57
라이언 와이스,2025,한화,29,P,30,30,0,0,0,0,16,5,0,0,178.2,57,63,62.30,725,127,30,1,13,56,13,0,207,7,2,5,2.87,3.17,3.14,3.12,1.02,5.95
하이메 바리아,2024,한화,27,P,20,19,1,0,0,0,6,7,0,0,92.2,53,58,56.60,405,114,20,1,10,18,0,0,83,7,0,6,5.15,5.63,5.54,3.90,1.42,1.41
로버트 더거,2024,SSG,28,P,6,6,0,0,0,0,0,3,0,0,22.2,32,33,33.00,116,37,7,3,2,10,3,0,18,1,0,0,12.71,13.10,13.10,5.13,2.07,-0.84
드류 앤더슨,2024,SSG,30,P,24,23,1,0,0,0,11,3,0,0,115.2,50,55,53.80,496,98,13,1,11,53,8,0,158,4,1,5,3.89,4.28,4.19,3.64,1.31,3.45
드류 앤더슨,2025,SSG,31,P,30,30,0,0,0,0,12,7,0,0,171.2,43,53,51.10,694,121,17,1,13,51,9,1,245,6,0,10,2.25,2.78,2.68,2.37,1.00,6.54
엔마누엘 데 헤이수스,2024,키움,28,P,30,30,0,0,0,0,13,11,0,0,171.1,70,78,75.75,728,171,31,2,22,44,14,1,178,8,1,6,3.68,4.10,3.98,4.18,1.25,4.39
엔마누엘 데 헤이수스,2025,KT,29,P,32,30,2,0,0,0,9,9,0,1,163.2,72,85,82.25,712,173,22,2,17,44,8,0,165,10,2,7,3.96,4.67,4.52,3.65,1.33,2.47
콜 어빈,2025,두산,30,P,28,28,0,0,0,0,8,12,0,0,144.2,72,80,72.45,649,142,26,3,9,79,18,1,128,8,0,6,4.48,4.98,4.48,4.59,1.53,2.57
잭 로그,2025,두산,29,P,30,29,1,0,0,0,10,8,0,1,176.0,55,66,63.55,722,146,25,4,8,39,17,0,156,15,0,4,2.81,3.38,3.25,3.26,1.05,5.34
잭 로그,2026,두산,30,P,21,21,0,0,0,0,6,6,0,0,113.1,50,58,57.15,497,128,25,2,13,22,8,0,99,7,0,1,3.97,4.61,4.54,4.06,1.32,2.28
헤르손 가라비토,2025,삼성,29,P,15,15,0,0,0,0,4,4,0,0,78.1,23,31,29.45,327,56,5,0,6,37,6,1,84,3,0,2,2.64,3.56,3.33,3.91,1.19,2.54
요니 치리노스,2025,LG,32,P,30,30,0,0,0,0,13,6,0,0,177.0,65,71,65.50,737,173,26,1,5,36,9,0,137,5,0,4,3.31,3.61,3.33,3.13,1.18,5.21
요니 치리노스,2026,LG,33,P,8,8,0,0,0,0,2,3,0,0,33.2,25,26,25.65,164,47,8,0,4,14,4,0,28,4,0,1,6.68,6.95,6.86,5.08,1.81,-0.01
앤더스 톨허스트,2025,LG,26,P,8,8,0,0,0,0,6,2,0,0,44.0,14,15,15.00,184,39,7,1,2,16,2,1,45,2,0,1,2.86,3.07,3.07,3.21,1.25,1.31
앤더스 톨허스트,2026,LG,27,P,21,21,0,0,0,0,10,9,0,0,115.1,61,62,61.30,503,124,25,0,12,30,8,0,97,6,1,3,4.76,4.84,4.78,4.22,1.34,1.59
애덤 올러,2025,KIA,31,P,26,26,0,1,1,0,11,7,0,0,149.0,60,64,62.80,620,125,25,3,8,47,8,0,169,6,0,2,3.62,3.87,3.79,2.90,1.15,3.61
애덤 올러,2026,KIA,32,P,20,20,0,1,1,1,10,8,0,0,115.2,42,46,46.00,475,88,11,2,11,41,6,0,122,4,0,4,3.27,3.58,3.58,3.83,1.12,3.57
터커 데이비드슨,2025,롯데,28,P,22,22,0,0,0,0,10,5,0,0,123.1,50,53,51.80,529,123,20,2,10,48,5,0,119,2,1,4,3.65,3.87,3.79,3.85,1.39,3.38
빈스 벨라스케즈,2025,롯데,32,P,11,7,4,1,0,0,1,4,0,0,35.0,32,32,31.50,168,47,10,1,7,18,3,0,28,0,2,1,8.23,8.23,8.23,6.22,1.86,-0.31
알렉 감보아,2025,롯데,27,P,19,19,0,0,0,0,7,8,0,0,108.0,43,54,52.45,475,97,16,0,6,49,4,0,117,14,0,5,3.58,4.50,4.33,3.44,1.35,2.35
코디 폰세,2025,한화,30,P,29,29,0,0,0,0,17,1,0,0,180.2,38,41,38.60,697,128,18,0,10,41,6,0,252,3,3,7,1.89,2.04,1.94,1.92,0.94,8.38
로건 앨런,2025,NC,28,P,32,31,1,0,0,0,7,12,0,0,173.0,87,98,94.05,770,180,30,2,18,67,10,3,149,14,0,6,4.53,5.10,4.89,4.39,1.43,2.41
로건 앨런,2026,KT,29,P,8,8,0,0,0,0,3,1,0,0,43.2,16,16,16.00,187,47,6,0,5,12,1,0,32,2,0,0,3.30,3.30,3.30,4.51,1.35,1.63
라일리 톰프슨,2025,NC,29,P,30,30,0,0,0,0,17,7,0,0,172.0,66,76,72.90,709,136,25,2,18,56,3,0,216,15,0,5,3.45,3.98,3.81,3.12,1.12,4.34
라일리 톰프슨,2026,NC,30,P,14,14,0,0,0,0,5,0,0,0,81.2,27,28,28.00,327,68,14,1,12,20,0,0,109,2,0,3,2.98,3.09,3.09,3.23,1.08,3.03
패트릭 머피,2025,KT,29,P,15,9,6,0,0,0,3,3,0,2,60.2,21,26,26.70,267,63,10,2,2,21,2,0,45,4,0,5,3.12,3.86,4.01,3.67,1.38,1.33
미치 화이트,2025,SSG,31,P,24,24,0,1,1,0,11,4,0,0,134.2,43,51,49.45,562,111,17,2,9,44,8,1,137,11,0,6,2.87,3.41,3.30,3.38,1.15,4.24
미치 화이트,2026,SSG,32,P,6,6,0,0,0,0,1,1,0,0,30.2,14,15,15.00,142,37,5,0,1,15,2,0,29,1,0,2,4.11,4.40,4.40,3.83,1.70,0.66
케니 로젠버그,2025,키움,27,P,13,13,0,0,0,0,4,4,0,0,75.1,27,33,31.10,320,63,13,2,5,25,4,0,80,7,0,2,3.23,3.94,3.72,3.29,1.17,1.79
케니 로젠버그,2026,키움,28,P,7,7,0,0,0,0,0,2,0,0,30.0,16,16,16.00,137,37,7,0,2,10,3,0,32,1,0,0,4.80,4.80,4.80,3.54,1.57,0.32
라클란 웰스,2025,키움,28,P,4,4,0,0,0,0,1,1,0,0,20.0,7,8,8.00,85,18,3,0,0,6,1,0,16,0,0,0,3.15,3.60,3.60,3.04,1.20,0.38
라클란 웰스,2026,LG,29,P,19,19,0,0,0,0,5,5,0,0,96.1,44,50,49.50,411,90,16,4,13,30,2,0,83,6,0,0,4.11,4.67,4.62,4.55,1.25,1.77
C.C 메르세데스,2025,키움,30,P,8,8,0,0,0,0,3,3,0,0,46.1,23,24,24.00,197,54,12,0,5,9,0,0,41,2,1,2,4.47,4.66,4.66,3.61,1.36,0.67
