선수명,status,matched_variant,mlb_person_id,mlb_fullName,tried
크리스 볼스테드,lastname_fallback_birth_date_match,Volstad,458690,Chris Volstad,
유네스키 마야,lastname_fallback_birth_date_match,Maya,493337,Yunesky Maya,
J.D. 마틴,birth_date_match,J.D. Martin,455605,J.D. Martin,
코리 리오단,birth_date_match,Cory Riordan,476225,Cory Riordan,
에버렛 티포드,birth_date_match,Everett Teaford,501870,Everett Teaford,
하이로 어센시오,birth_date_match,Jairo Asencio,446003,Jairo Asencio,
저스틴 토마스,birth_date_match,Justin Thomas,476206,Justin Thomas,
케일럽 클레이,birth_date_match,Caleb Clay,502175,Caleb Clay,
앤드루 앨버스,birth_date_match,Andrew ALBERS,452027,Andrew Albers,
테드 웨버,birth_date_match,Thad Weber,519403,Thad Weber,
트레비스 밴와트,birth_date_match,Travis Banwart,518432,Travis Banwart,
로스 울프,birth_date_match,Ross Wolf,448693,Ross Wolf,
앤서니 스와잭,birth_date_match,Anthony Swarzak,461872,Anthony Swarzak,
타일러 클로이드,birth_date_match,Tyler Cloyd,543031,Tyler Cloyd,
알프레도 피가로,birth_date_match,Alfredo Figaro,451628,Alfredo Figaro,
루카스 하렐,birth_date_match,Lucas Harrell,449173,Lucas Harrell,
조쉬 스틴슨,lastname_fallback_birth_date_match,Stinson,502139,Josh Stinson,
에반 믹,birth_date_match,Evan Meek,457425,Evan Meek,
브룩스 레일리,birth_date_match,Brooks Raley,548384,Brooks Raley,
조쉬 린드블럼,lastname_fallback_birth_date_match,Lindblom,458676,Josh Lindblom,
에스밀 로저스,birth_date_match,Esmil Rogers,469134,Esmil Rogers,
재크 스튜어트,lastname_fallback_birth_date_match,Stewart,543819,Zach Stewart,
앤드루 시스코,birth_date_match,Andrew Sisco,434878,Andrew Sisco,
필 어윈,birth_date_match,Phil Irwin,572947,Phil Irwin,
메릴 켈리,birth_date_match,Merrill Kelly,518876,Merrill Kelly,
콜린 벨레스터,birth_date_match,Collin Balester,444446,Collin Balester,
앨런 웹스터,lastname_fallback_birth_date_match,Webster,543903,Allen Webster,
아놀드 레온,birth_date_match,Arnold Leon,504186,Arnold Leon,
요한 플란데,birth_date_match,Yohan Flande,456071,Yohan Flande,
데이비드 허프,birth_date_match,David Huff,453307,David Huff,
헥터 노에시,birth_date_match,Hector Noesi,456051,Hector Noesí,
지크 스프루일,lastname_fallback_birth_date_match,Spruill,543809,Zeke Spruill,
파비오 카스티요,birth_date_match,Fabio Castillo,503566,Fabio Castillo,
에릭 서캠프,birth_date_match,Eric Surkamp,474668,Eric Surkamp,
슈가 마리몬,birth_date_match,Sugar Ray Marimon,516970,Sugar Ray Marimon,
요한 피노,birth_date_match,Yohan Pino,464416,Yohan Pino,
조쉬 로위,lastname_fallback_birth_date_match,Lowey,545693,Jason Lowey,
브라울리오 라라,birth_date_match,Braulio Lara,542316,Braulio Lara,
로버트 코엘로,birth_date_match,Robert Coello,445193,Robert Coello,
스콧 맥그레거,birth_date_match,Scott McGregor,543520,Scott McGregor,
재크 페트릭,lastname_fallback_birth_date_match,Petrick,623967,Zach Petrick,
앤서니 레나도,birth_date_match,Anthony Ranaudo,519168,Anthony Ranaudo,
팻 딘,lastname_fallback_birth_date_match,Dean,534737,Pat Dean,
닉 애디튼,birth_date_match,Nick Additon,502836,Nick Additon,
제프 맨쉽,birth_date_match,Jeff Manship,453249,Jeff Manship,
돈 로치,birth_date_match,Donn Roach,543698,Donn Roach,
스캇 다이아몬드,birth_date_match,Scott Diamond,539438,Scott Diamond,
션 오설리반,birth_date_match,Sean O'Sullivan,457711,Sean O'Sullivan,
제이크 브리검,birth_date_match,Jake Brigham,502010,Jake Brigham,
세스 프랭코프,birth_date_match,Seth Frankoff,571676,Seth Frankoff,
팀 아델만,lastname_fallback_birth_date_match,Adleman,534947,Tim Adleman,
리살베르토 보니야,birth_date_match,Lisalverto Bonilla,570810,Lisalverto Bonilla,
타일러 윌슨,lastname_fallback_birth_date_match,Wilson,592869,Tyler Wilson,
펠릭스 듀브론트,birth_date_match,Felix Doubront,467094,Félix Doubront,
키버스 샘슨,birth_date_match,Keyvius Sampson,572102,Keyvius Sampson,
제이슨 휠러,birth_date_match,Jason Wheeler,605528,Jason Wheeler,
데이비드 헤일,birth_date_match,David Hale,571735,David Hale,
로건 베렛,lastname_fallback_birth_date_match,Verrett,548337,Logan Verrett,
왕웨이중,birth_date_match,Wei-Chung Wang,623913,Wei-Chung Wang,
앙헬 산체스,birth_date_match,Angel Sanchez,605795,Angel Sánchez,
덱 맥과이어,lastname_fallback_birth_date_match,McGuire,592547,Deck McGuire,
저스틴 헤일리,birth_date_match,Justin Haley,595234,Justin Haley,
벤 라이블리,lastname_fallback_birth_date_match,Lively,594902,Ben Lively,
케이시 켈리,birth_date_match,Casey Kelly,543391,Casey Kelly,
조 윌랜드,lastname_fallback_birth_date_match,Wieland,543921,Joe Wieland,
제이크 톰슨,birth_date_match,Jake Thompson,622097,Jake Thompson,
브록 다익손,birth_date_match,Brock Dykxhoorn,621245,Brock Dykxhoorn,
워릭 서폴드,birth_date_match,Warwick Saupold,599683,Warwick Saupold,
채드 벨,lastname_fallback_birth_date_match,Bell,518445,Chad Bell,
드류 루친스키,lastname_fallback_birth_date_match,Rucinski,607968,Drew Rucinski,
에디 버틀러,lastname_fallback_birth_date_match,Butler,572750,Eddie Butler,
크리스천 프리드릭,birth_date_match,Christian Friedrich,543184,Christian Friedrich,
라울 알칸타라,birth_date_match,Raul Alcántara,593417,Raúl Alcántara,
에릭 요키시,birth_date_match,Eric Jokisch,518852,Eric Jokisch,
크리스 플렉센,birth_date_match,Chris Flexen,623167,Chris Flexen,
데이비드 뷰캐넌,birth_date_match,David Buchanan,571527,David Buchanan,
애런 브룩스,birth_date_match,Aaron Brooks,605156,Aaron Brooks,
드류 가뇽,lastname_fallback_birth_date_match,Gagnon,543193,Drew Gagnon,
댄 스트레일리,birth_date_match,Dan Straily,573185,Dan Straily,
애드리안 샘슨,birth_date_match,Adrian Sampson,592716,Adrian Sampson,
오드리사머 데스파이네,birth_date_match,Odrisamer Despaigne,628333,Odrisamer Despaigne,
닉 킹엄,birth_date_match,Nick Kingham,592468,Nick Kingham,
리카르도 핀토,birth_date_match,Ricardo Pinto,620982,Ricardo Pinto,
아리엘 미란다,birth_date_match,Ariel Miranda,664641,Aríel Miranda,
워커 로켓,lastname_fallback_birth_date_match,Lockett,621141,Walker Lockett,
앤드류 수아레즈,birth_date_match,Andrew Suarez,605498,Andrew Suárez,
대니얼 멩덴,birth_date_match,Daniel Mengden,596043,Daniel Mengden,
보 다카하시,lastname_fallback_birth_date_match,Takahashi,649963,Bo Takahashi,
앤더슨 프랑코,birth_date_match,Enderson Franco,575070,Enderson Franco,
라이언 카펜터,birth_date_match,Ryan Carpenter,543001,Ryan Carpenter,
웨스 파슨스,birth_date_match,Wes Parsons,641149,Wes Parsons,
아티 르위키,birth_date_match,Artie Lewicki,592499,Artie Lewicki,
샘 가빌리오,lastname_fallback_birth_date_match,Gaviglio,543208,Sam Gaviglio,
로버트 스탁,birth_date_match,Robert Stock,476594,Robert Stock,
브랜던 워델,birth_date_match,Brandon Waddell,663399,Brandon Waddell,
앨버트 수아레즈,birth_date_match,Albert Suárez,544150,Albert Suárez,
션 놀린,birth_date_match,Sean Nolin,543594,Sean Nolin,
찰리 반스,birth_date_match,Charlie Barnes,656212,Charlie Barnes,
글렌 스파크맨,birth_date_match,Glenn Sparkman,642098,Glenn Sparkman,
펠릭스 페냐,birth_date_match,Félix Peña,570240,Félix Peña,
맷 더모디,birth_date_match,Matt Dermody,571616,Matt Dermody,
웨스 벤자민,birth_date_match,Wes Benjamin,605138,Wes Benjamin,
이반 노바,birth_date_match,Iván Nova,467100,Iván Nova,
숀 모리만도,birth_date_match,Shawn Morimando,596049,Shawn Morimando,
타일러 애플러,birth_date_match,Tyler Eppler,621169,Tyler Eppler,
딜런 파일,birth_date_match,Dylan File,668766,Dylan File,
테일러 와이드너,birth_date_match,Taylor Widener,642203,Taylor Widener,
아도니스 메디나,birth_date_match,Adonis Medina,658431,Adonis Medina,
숀 앤더슨,birth_date_match,Shaun Anderson,641312,Shaun Anderson,
마리오 산체스,birth_date_match,Mario Sanchez,532936,Mario Sanchez,
애런 윌커슨,birth_date_match,Aaron Wilkerson,658792,Aaron Wilkerson,
버치 스미스,birth_date_match,Burch Smith,572143,Burch Smith,
리카르도 산체스,birth_date_match,Ricardo Sánchez,645307,Ricardo Sánchez,
에릭 페디,birth_date_match,Erick Fedde,607200,Erick Fedde,
태너 털리,birth_date_match,Tanner Tully,668684,Tanner Tully,
보 슐서,birth_date_match,Beau Sulser,676641,Beau Sulser,
커크 맥카티,lastname_fallback_birth_date_match,McCarty,668948,Kirk McCarty,
로에니스 엘리아스,birth_date_match,Roenis Elías,606273,Roenis Elías,
이안 맥키니,birth_date_match,Ian McKinney,641855,Ian McKinney,
시라카와 케이쇼,structurally_absent_no_us_system_career,,,,"일본 독립리그(시코쿠 아일랜드리그) 출신, NPB조차 미경력 — MLB/MiLB 시스템에 등록된 적 없어 정상적으로 없음"
조던 발라조빅,birth_date_match,Jordan Balazovic,666364,Jordan Balazovic,
코너 시볼드,birth_date_match,Connor Seabold,657756,Connor Seabold,
데니 레예스,birth_date_match,Denyi Reyes,660593,Denyi Reyes,
디트릭 엔스,birth_date_match,Dietrich Enns,608650,Dietrich Enns,
엘리에이저 에르난데스,birth_date_match,Elieser Hernández,622694,Elieser Hernández,
윌 크로우,lastname_fallback_birth_date_match,Crowe,640444,Wil Crowe,
캠 알드레드,birth_date_match,Cam Alldred,682027,Cam Alldred,
에릭 스타우트,birth_date_match,Eric Stout,657770,Eric Stout,
에릭 라우어,birth_date_match,Eric Lauer,641778,Eric Lauer,
제임스 네일,birth_date_match,James Naile,664942,James Naile,
다니엘 카스타노,birth_date_match,Daniel Castano,641447,Daniel Castano,
카일 하트,birth_date_match,Kyle Hart,606996,Kyle Hart,
라이언 와이스,birth_date_match,Ryan Weiss,680802,Ryan Weiss,
하이메 바리아,birth_date_match,Jaime Barria,642545,Jaime Barria,
로버트 더거,birth_date_match,Robert Dugger,667498,Robert Dugger,
드류 앤더슨,lastname_fallback_birth_date_match,Anderson,623454,Drew Anderson,
콜 어빈,birth_date_match,Cole Irvin,608344,Cole Irvin,
잭 로그,birth_date_match,Zach Logue,656657,Zach Logue,
헤르손 가라비토,birth_date_match,Gerson Garabito,642520,Gerson Garabito,
요니 치리노스,birth_date_match,Yonny Chirinos,630023,Yonny Chirinos,
앤더스 톨허스트,birth_date_match,Anders Tolhurst,689434,Anders Tolhurst,
애덤 올러,birth_date_match,Adam Oller,670124,Adam Oller,
터커 데이비드슨,birth_date_match,Tucker Davidson,656353,Tucker Davidson,
빈스 벨라스케즈,lastname_fallback_birth_date_match,Velasquez,592826,Vince Velasquez,
알렉 감보아,birth_date_match,Alec Gamboa,687941,Alec Gamboa,
코디 폰세,birth_date_match,Cody Ponce,664074,Cody Ponce,
로건 앨런,birth_date_match,Logan Allen,663531,Logan Allen,
라일리 톰프슨,birth_date_match,Riley Thompson,663929,Riley Thompson,
패트릭 머피,birth_date_match,Patrick Murphy,641907,Patrick Murphy,
미치 화이트,birth_date_match,Mitch White,669952,Mitch White,
라클란 웰스,lastname_fallback_birth_date_match,Wells,649144,Alex Wells,
C.C 메르세데스,manual_reresolved_rookie_level_only,Crisostomo,608571,Cristopher Crisostomo,registered_under_maternal_surname_dropped_Crisostomo_not_Mercedes_Rays_org_2012-2014_Rookie_only_released_2015_then_NPB
라이언 타투스코,manual_reresolved,Ryan Tatusko,519338,Ryan Tatusko,roster_endpoint_exact_bd_match
알렉산드로 마에스트리,manual_reresolved,Alessandro Maestri,493256,Alessandro Maestri,unique_name_match_bd_off_by_1month_1985-06-01_vs_roster_1985-07-01
윌리엄 쿠에바스,manual_reresolved,William Cuevas,571035,William Cuevas,search_simplified_name_exact_bd_match
마이크 라이트,manual_reresolved,Mike Wright,605541,Mike Wright,search_simplified_name_exact_bd_match
윌머 폰트,manual_reresolved,Wilmer Font,521655,Wilmer Font,search_simplified_name_exact_bd_match
토마스 파노니,manual_reresolved,Thomas Pannone,623381,Thomas Pannone,search_simplified_name_exact_bd_match
예프리 라미레즈,manual_reresolved,Yefry Ramirez,606162,Yefry Ramirez,search_simplified_name_exact_bd_match
아리엘 후라도,manual_reresolved,Ariel Jurado,642558,Ariel Jurado,search_simplified_name_exact_bd_match
엔마누엘 데 헤이수스,manual_reresolved,Enmanuel De Jesus,646241,Enmanuel De Jesus,search_simplified_name_exact_bd_match
제이콥 터너,manual_reresolved,Jacob Turner,545363,Jacob Turner,unique_name_match_bd_off_by_1year_1991-05-21_vs_roster_1992-05-21_mlbDebut_2011_confirms_1991
케니 로젠버그,manual_reresolved,Kenny Rosenberg,670046,Kenny Rosenberg,unique_name_match_bd_off_by_3years_1995-07-09_vs_roster_1998-07-09_debut_2022_plausible
로니 윌리엄스,manual_reresolved,Ronnie Williams,657122,Ronnie Williams,aaa_roster_endpoint_exact_bd_match_not_in_people_search
조시 스미스,manual_reresolved,Josh A. Smith,595001,Josh A. Smith,mlb_roster_endpoint_exact_bd_match_not_in_people_search_note_different_from_1997born_false_lead
파커 마켈,manual_reresolved,Parker Markel,571917,Parker Markel,no_statiz_birthdate_available_sole_unique_candidate_identity_already_confirmed_by_user_2026-08-15
에니 로메로,manual_reresolved,Enny Romero,544836,Enny Romero,no_statiz_birthdate_available_sole_unique_candidate_identity_already_confirmed_by_user_2026-08-15
