선수명,status,url,n_seasons_pre_kbo,tried_n
크리스 볼스테드,matched,http://www.claydavenport.com/pt/V/VOLSTAD19860923A.shtml,17,
유네스키 마야,unresolved,,,8
J.D. 마틴,matched,http://www.claydavenport.com/pt/M/MARTIN19830102A.shtml,19,
코리 리오단,matched,http://www.claydavenport.com/pt/R/RIORDAN19860525A.shtml,10,
에버렛 티포드,matched,http://www.claydavenport.com/pt/T/TEAFORD19840515A.shtml,13,
하이로 어센시오,unresolved,,,8
저스틴 토마스,matched,http://www.claydavenport.com/pt/T/THOMAS19840118A.shtml,19,
케일럽 클레이,matched,http://www.claydavenport.com/pt/C/CLAY19880215A.shtml,9,
앤드루 앨버스,matched,http://www.claydavenport.com/pt/A/ALBERS19851006A.shtml,8,
라이언 타투스코,matched,http://www.claydavenport.com/pt/T/TATUSKO19850327A.shtml,12,
테드 웨버,matched,http://www.claydavenport.com/pt/W/WEBER19840928A.shtml,16,
트레비스 밴와트,matched,http://www.claydavenport.com/pt/B/BANWART19860214A.shtml,11,
로스 울프,matched,http://www.claydavenport.com/pt/W/WOLF19821018A.shtml,22,
앤서니 스와잭,matched,http://www.claydavenport.com/pt/S/SWARZAK19850910A.shtml,17,
타일러 클로이드,matched,http://www.claydavenport.com/pt/C/CLOYD19870516A.shtml,15,
알프레도 피가로,matched,http://www.claydavenport.com/pt/F/FIGARO19840707A.shtml,20,
루카스 하렐,matched,http://www.claydavenport.com/pt/H/HARRELL19850603A.shtml,20,
조쉬 스틴슨,matched,http://www.claydavenport.com/pt/S/STINSON19880314A.shtml,21,
에반 믹,matched,http://www.claydavenport.com/pt/M/MEEK19830512A.shtml,22,
브룩스 레일리,matched,http://www.claydavenport.com/pt/R/RALEY19880629A.shtml,12,
조쉬 린드블럼,matched,http://www.claydavenport.com/pt/L/LINDBLOM19870615A.shtml,13,
에스밀 로저스,matched,http://www.claydavenport.com/pt/R/ROGERS19850814A.shtml,22,
재크 스튜어트,matched,http://www.claydavenport.com/pt/S/STEWART19860928A.shtml,17,
앤드루 시스코,matched,http://www.claydavenport.com/pt/S/SISCO19830113A.shtml,17,
필 어윈,matched,http://www.claydavenport.com/pt/I/IRWIN19870225A.shtml,14,
메릴 켈리,matched,http://www.claydavenport.com/pt/K/KELLY19881014A.shtml,9,
콜린 벨레스터,matched,http://www.claydavenport.com/pt/B/BALESTER19860606A.shtml,24,
앨런 웹스터,matched,http://www.claydavenport.com/pt/W/WEBSTER19900210A.shtml,15,
아놀드 레온,matched,http://www.claydavenport.com/pt/L/LEON19880906A.shtml,19,
요한 플란데,matched,http://www.claydavenport.com/pt/F/FLANDE19860127A.shtml,19,
데이비드 허프,matched,http://www.claydavenport.com/pt/H/HUFF19840822A.shtml,23,
헥터 노에시,matched,http://www.claydavenport.com/pt/N/NOESI19870126A.shtml,22,
지크 스프루일,matched,http://www.claydavenport.com/pt/S/SPRUILL19890911A.shtml,15,
알렉산드로 마에스트리,unresolved,,,8
파비오 카스티요,matched,http://www.claydavenport.com/pt/C/CASTILLO19890219A.shtml,19,
에릭 서캠프,matched,http://www.claydavenport.com/pt/S/SURKAMP19870716A.shtml,15,
슈가 마리몬,matched,http://www.claydavenport.com/pt/M/MARIMON19880930A.shtml,15,
요한 피노,matched,http://www.claydavenport.com/pt/P/PINO19831226A.shtml,25,
조쉬 로위,matched,http://www.claydavenport.com/pt/L/LOWEY19841226A.shtml,5,
브라울리오 라라,matched,http://www.claydavenport.com/pt/L/LARA19881220A.shtml,13,
로버트 코엘로,matched,http://www.claydavenport.com/pt/C/COELLO19841123A.shtml,21,
스콧 맥그레거,matched,http://www.claydavenport.com/pt/M/MCGREGOR19861219A.shtml,15,
재크 페트릭,matched,http://www.claydavenport.com/pt/P/PETRICK19890729A.shtml,7,
앤서니 레나도,matched,http://www.claydavenport.com/pt/R/RANAUDO19890909A.shtml,13,
팻 딘,matched,http://www.claydavenport.com/pt/D/DEAN19890525A.shtml,13,
파커 마켈,matched,http://www.claydavenport.com/pt/M/MARKEL19900915A.shtml,10,
닉 애디튼,matched,http://www.claydavenport.com/pt/A/ADDITON19871216A.shtml,21,
제프 맨쉽,matched,http://www.claydavenport.com/pt/M/MANSHIP19850116A.shtml,25,
돈 로치,matched,http://www.claydavenport.com/pt/R/ROACH19891214A.shtml,16,
스캇 다이아몬드,matched,http://www.claydavenport.com/pt/D/DIAMOND19860730A.shtml,18,
션 오설리반,matched,http://www.claydavenport.com/pt/O/OSULLIVAN19870901A.shtml,22,
제이크 브리검,matched,http://www.claydavenport.com/pt/B/BRIGHAM19880210A.shtml,15,
세스 프랭코프,matched,http://www.claydavenport.com/pt/F/FRANKOFF19880827A.shtml,20,
팀 아델만,matched,http://www.claydavenport.com/pt/A/ADLEMAN19871113A.shtml,10,
리살베르토 보니야,unresolved,,,8
타일러 윌슨,matched,http://www.claydavenport.com/pt/W/WILSON19890925A.shtml,15,
펠릭스 듀브론트,matched,http://www.claydavenport.com/pt/D/DOUBRONT19871023A.shtml,27,
키버스 샘슨,matched,http://www.claydavenport.com/pt/S/SAMPSON19910106A.shtml,17,
제이슨 휠러,matched,http://www.claydavenport.com/pt/W/WHEELER19901027A.shtml,15,
데이비드 헤일,matched,http://www.claydavenport.com/pt/H/HALE19870927A.shtml,15,
로건 베렛,matched,http://www.claydavenport.com/pt/V/VERRETT19900619A.shtml,12,
왕웨이중,matched,http://www.claydavenport.com/pt/W/WANG19920425A.shtml,12,
앙헬 산체스,matched,http://www.claydavenport.com/pt/S/SANCHEZ19891128A.shtml,15,
덱 맥과이어,matched,http://www.claydavenport.com/pt/M/MCGUIRE19890623A.shtml,18,
저스틴 헤일리,matched,http://www.claydavenport.com/pt/H/HALEY19910616A.shtml,19,
벤 라이블리,matched,http://www.claydavenport.com/pt/L/LIVELY19920305A.shtml,17,
케이시 켈리,matched,http://www.claydavenport.com/pt/K/KELLY19891004A.shtml,21,
조 윌랜드,matched,http://www.claydavenport.com/pt/W/WIELAND19900121A.shtml,19,
제이크 톰슨,matched,http://www.claydavenport.com/pt/T/THOMPSON19940131A.shtml,15,
브록 다익손,matched,http://www.claydavenport.com/pt/D/DYKXHOORN19940702A.shtml,7,
워릭 서폴드,matched,http://www.claydavenport.com/pt/S/SAUPOLD19900116A.shtml,18,
채드 벨,matched,http://www.claydavenport.com/pt/B/BELL19890228A.shtml,17,
드류 루친스키,matched,http://www.claydavenport.com/pt/R/RUCINSKI19881230A.shtml,15,
에디 버틀러,matched,http://www.claydavenport.com/pt/B/BUTLER19910313A.shtml,19,
크리스천 프리드릭,matched,http://www.claydavenport.com/pt/F/FRIEDRICH19870708A.shtml,18,
윌리엄 쿠에바스,matched,http://www.claydavenport.com/pt/C/CUEVAS19901014A.shtml,15,
라울 알칸타라,matched,http://www.claydavenport.com/pt/A/ALCANTARA19921204A.shtml,14,
에릭 요키시,matched,http://www.claydavenport.com/pt/J/JOKISCH19890729A.shtml,18,
크리스 플렉센,matched,http://www.claydavenport.com/pt/F/FLEXEN19940701A.shtml,14,
데이비드 뷰캐넌,matched,http://www.claydavenport.com/pt/B/BUCHANAN19890511A.shtml,13,
애런 브룩스,matched,http://www.claydavenport.com/pt/B/BROOKS19900427A.shtml,17,
드류 가뇽,matched,http://www.claydavenport.com/pt/G/GAGNON19900626A.shtml,18,
댄 스트레일리,matched,http://www.claydavenport.com/pt/S/STRAILY19881201A.shtml,22,
애드리안 샘슨,matched,http://www.claydavenport.com/pt/S/SAMPSON19911007A.shtml,16,
마이크 라이트,matched,http://www.claydavenport.com/pt/W/WRIGHT19900103A.shtml,20,
오드리사머 데스파이네,unresolved,,,8
닉 킹엄,matched,http://www.claydavenport.com/pt/K/KINGHAM19911108A.shtml,19,
리카르도 핀토,matched,http://www.claydavenport.com/pt/P/PINTO19940120A.shtml,13,
아리엘 미란다,unresolved,,,8
워커 로켓,matched,http://www.claydavenport.com/pt/L/LOCKETT19940503A.shtml,21,
앤드류 수아레즈,matched,http://www.claydavenport.com/pt/S/SUAREZ19920911A.shtml,17,
대니얼 멩덴,matched,http://www.claydavenport.com/pt/M/MENGDEN19930219A.shtml,19,
보 다카하시,matched,http://www.claydavenport.com/pt/T/TAKAHASHI19970123A.shtml,11,
앤더슨 프랑코,matched,http://www.claydavenport.com/pt/F/FRANCO19921229A.shtml,17,
라이언 카펜터,matched,http://www.claydavenport.com/pt/C/CARPENTER19900822A.shtml,14,
웨스 파슨스,matched,http://www.claydavenport.com/pt/P/PARSONS19920906A.shtml,17,
윌머 폰트,matched,http://www.claydavenport.com/pt/F/FONT19900524A.shtml,26,
아티 르위키,matched,http://www.claydavenport.com/pt/L/LEWICKI19920408A.shtml,16,
샘 가빌리오,matched,http://www.claydavenport.com/pt/G/GAVIGLIO19900522A.shtml,19,
조시 스미스,matched,http://www.claydavenport.com/pt/S/SMITH19870807A.shtml,21,
로버트 스탁,matched,http://www.claydavenport.com/pt/S/STOCK19891121A.shtml,23,
브랜던 워델,matched,http://www.claydavenport.com/pt/W/WADDELL19940603A.shtml,20,
앨버트 수아레즈,matched,http://www.claydavenport.com/pt/S/SUAREZ19891008A.shtml,21,
로니 윌리엄스,matched,http://www.claydavenport.com/pt/W/WILLIAMS19960106A.shtml,13,
션 놀린,matched,http://www.claydavenport.com/pt/N/NOLIN19891226A.shtml,23,
토마스 파노니,matched,http://www.claydavenport.com/pt/P/PANNONE19940428A.shtml,15,
찰리 반스,matched,http://www.claydavenport.com/pt/B/BARNES19951001A.shtml,12,
글렌 스파크맨,matched,http://www.claydavenport.com/pt/S/SPARKMAN19920511A.shtml,19,
예프리 라미레즈,matched,http://www.claydavenport.com/pt/R/RAMIREZ19931128A.shtml,17,
펠릭스 페냐,matched,http://www.claydavenport.com/pt/P/PENA19900225A.shtml,18,
맷 더모디,matched,http://www.claydavenport.com/pt/D/DERMODY19900704A.shtml,18,
웨스 벤자민,matched,http://www.claydavenport.com/pt/B/BENJAMIN19930726A.shtml,12,
이반 노바,matched,http://www.claydavenport.com/pt/N/NOVA19870112A.shtml,24,
숀 모리만도,matched,http://www.claydavenport.com/pt/M/MORIMANDO19921120A.shtml,18,
타일러 애플러,matched,http://www.claydavenport.com/pt/E/EPPLER19930105A.shtml,11,
딜런 파일,matched,http://www.claydavenport.com/pt/F/FILE19960604A.shtml,12,
테일러 와이드너,matched,http://www.claydavenport.com/pt/W/WIDENER19941024A.shtml,15,
아도니스 메디나,matched,http://www.claydavenport.com/pt/M/MEDINA19961218A.shtml,11,
숀 앤더슨,matched,http://www.claydavenport.com/pt/A/ANDERSON19941029A.shtml,21,
마리오 산체스,matched,http://www.claydavenport.com/pt/S/SANCHEZ19941031A.shtml,13,
애런 윌커슨,unresolved,,,8
버치 스미스,matched,http://www.claydavenport.com/pt/S/SMITH19900412A.shtml,20,
리카르도 산체스,matched,http://www.claydavenport.com/pt/S/SANCHEZ19970411A.shtml,12,
에릭 페디,matched,http://www.claydavenport.com/pt/F/FEDDE19930225A.shtml,21,
태너 털리,matched,http://www.claydavenport.com/pt/T/TULLY19941130A.shtml,16,
보 슐서,matched,http://www.claydavenport.com/pt/S/SULSER19940505A.shtml,14,
커크 맥카티,matched,http://www.claydavenport.com/pt/M/MCCARTY19951012A.shtml,13,
에니 로메로,matched,http://www.claydavenport.com/pt/R/ROMERO19910124A.shtml,29,
로에니스 엘리아스,unresolved,,,8
아리엘 후라도,matched,http://www.claydavenport.com/pt/J/JURADO19960130A.shtml,14,
이안 맥키니,matched,http://www.claydavenport.com/pt/M/MCKINNEY19941118A.shtml,18,
시라카와 케이쇼,matched,http://www.claydavenport.com/pt/S/SHIRAKAWA20010604A.shtml,0,
조던 발라조빅,matched,http://www.claydavenport.com/pt/B/BALAZOVIC19980917A.shtml,10,
코너 시볼드,matched,http://www.claydavenport.com/pt/S/SEABOLD19960124A.shtml,19,
데니 레예스,matched,http://www.claydavenport.com/pt/R/REYES19961102A.shtml,13,
디트릭 엔스,matched,http://www.claydavenport.com/pt/E/ENNS19910516A.shtml,20,
엘리에이저 에르난데스,matched,http://www.claydavenport.com/pt/H/HERNANDEZ19950503A.shtml,26,
윌 크로우,matched,http://www.claydavenport.com/pt/C/CROWE19940909A.shtml,17,
캠 알드레드,matched,http://www.claydavenport.com/pt/A/ALLDRED19960725A.shtml,12,
에릭 스타우트,matched,http://www.claydavenport.com/pt/S/STOUT19930327A.shtml,23,
에릭 라우어,matched,http://www.claydavenport.com/pt/L/LAUER19950603A.shtml,20,
제임스 네일,matched,http://www.claydavenport.com/pt/N/NAILE19930208A.shtml,20,
다니엘 카스타노,matched,http://www.claydavenport.com/pt/C/CASTANO19940917A.shtml,19,
카일 하트,matched,http://www.claydavenport.com/pt/H/HART19921123A.shtml,17,
라이언 와이스,matched,http://www.claydavenport.com/pt/W/WEISS19961210A.shtml,14,
하이메 바리아,matched,http://www.claydavenport.com/pt/B/BARRIA19960718A.shtml,16,
로버트 더거,matched,http://www.claydavenport.com/pt/D/DUGGER19950703A.shtml,19,
드류 앤더슨,matched,http://www.claydavenport.com/pt/A/ANDERSON19940322A.shtml,17,
엔마누엘 데 헤이수스,matched,http://www.claydavenport.com/pt/D/DEJESUS19961210A.shtml,17,
콜 어빈,matched,http://www.claydavenport.com/pt/I/IRVIN19940131A.shtml,18,
잭 로그,matched,http://www.claydavenport.com/pt/L/LOGUE19960423A.shtml,21,
헤르손 가라비토,matched,http://www.claydavenport.com/pt/G/GARABITO19950819A.shtml,12,
요니 치리노스,matched,http://www.claydavenport.com/pt/C/CHIRINOS19931226A.shtml,24,
앤더스 톨허스트,matched,http://www.claydavenport.com/pt/T/TOLHURST19990913A.shtml,7,
애덤 올러,matched,http://www.claydavenport.com/pt/O/OLLER19941017A.shtml,20,
터커 데이비드슨,matched,http://www.claydavenport.com/pt/D/DAVIDSON19960325A.shtml,15,
빈스 벨라스케즈,matched,http://www.claydavenport.com/pt/V/VELASQUEZ19920607A.shtml,26,
알렉 감보아,matched,http://www.claydavenport.com/pt/G/GAMBOA19970117A.shtml,6,
코디 폰세,matched,http://www.claydavenport.com/pt/P/PONCE19940425A.shtml,16,
로건 앨런,matched,http://www.claydavenport.com/pt/A/ALLEN19970523A.shtml,24,
라일리 톰프슨,matched,http://www.claydavenport.com/pt/T/THOMPSON19960709A.shtml,8,
패트릭 머피,matched,http://www.claydavenport.com/pt/M/MURPHY19950610A.shtml,18,
미치 화이트,matched,http://www.claydavenport.com/pt/W/WHITE19941228A.shtml,27,
라클란 웰스,matched,http://www.claydavenport.com/pt/W/WELLS19970227A.shtml,12,
C.C 메르세데스,unresolved,,,8
제이콥 터너,matched_corrected_birthyear,http://www.claydavenport.com/pt/T/TURNER19910521A.shtml,24,
케니 로젠버그,matched_corrected_birthyear,http://www.claydavenport.com/pt/R/ROSENBERG19950709A.shtml,18,
